Date,Temperature_C,pH,Dissolved_Oxygen_mg_L,Ammonia_mg_L,Nitrate_mg_L,Turbidity_NTU,Feed_Intake_Percent,Growth_Rate_g_week,Mortality_Count_per_day,Disease_Outbreak
2022-01-01,26.99,7.46,8.6,1.12,13.25,48.56,51.4,1.97,18,0
2022-01-02,25.72,7.95,7.89,0.06,18.55,54.52,67.1,1.25,9,1
2022-01-03,27.3,6.3,6.59,0.01,12.08,35.03,73.8,1.52,7,0
2022-01-04,29.05,7.28,5.53,0.5,16.92,30.82,100.0,1.52,5,0
2022-01-05,25.53,6.67,7.55,0.36,1.06,23.72,88.3,1.3,6,0
2022-01-06,25.53,6.76,7.09,0.14,22.13,27.62,60.0,0.95,0,0
2022-01-07,29.16,6.7,7.84,1.06,20.01,84.24,87.3,1.63,17,1
2022-01-08,27.53,6.57,7.45,1.26,11.83,58.67,56.8,1.48,19,1
2022-01-09,25.06,7.02,8.07,0.57,26.59,19.73,96.2,1.7,11,0
2022-01-10,27.09,6.58,5.7,1.68,29.38,20.16,72.9,1.29,15,0
2022-01-11,25.07,7.14,8.48,0.01,3.92,47.23,78.6,1.99,9,0
2022-01-12,25.07,6.97,6.8,0.35,12.37,48.21,99.9,1.15,9,0
2022-01-13,26.48,6.88,9.61,0.01,12.31,48.23,60.7,2.18,13,0
2022-01-14,22.17,6.55,5.47,0.01,10.6,36.18,59.0,0.8,19,0
2022-01-15,22.55,6.71,9.1,0.43,28.29,38.12,71.2,1.67,9,1
2022-01-16,24.88,7.38,6.8,0.4,18.06,44.92,95.6,1.69,9,1
2022-01-17,23.97,7.25,5.52,1.71,17.35,41.29,57.2,1.18,10,0
2022-01-18,26.63,6.51,5.77,1.0,0.0,6.71,37.5,1.67,1,1
2022-01-19,24.18,7.05,6.02,0.01,26.35,36.55,73.2,2.01,19,0
2022-01-20,23.18,7.38,7.14,1.98,7.61,27.23,88.3,0.61,7,0
2022-01-21,28.93,6.17,7.28,1.48,20.6,42.63,98.0,1.7,6,0
2022-01-22,25.55,7.27,5.64,0.97,22.77,84.78,73.1,0.5,7,0
2022-01-23,26.14,6.67,6.46,0.32,33.61,45.51,73.8,1.11,0,0
2022-01-24,23.15,7.29,9.71,0.01,6.91,35.3,97.3,2.15,1,0
2022-01-25,24.91,6.62,9.09,0.2,0.0,53.83,52.0,1.27,17,0
2022-01-26,26.22,6.1,7.15,1.37,21.84,47.24,74.2,1.03,14,1
2022-01-27,23.7,6.19,6.56,2.01,38.01,46.3,82.9,1.42,0,1
2022-01-28,26.75,7.02,6.68,1.73,32.39,49.1,86.7,2.33,4,0
2022-01-29,24.8,7.13,7.42,0.11,22.1,70.85,72.4,0.77,1,0
2022-01-30,25.42,6.55,4.97,0.01,15.08,23.04,80.5,1.08,19,0
2022-01-31,24.8,7.32,6.11,0.61,28.07,47.1,42.7,2.1,2,1
2022-02-01,29.7,6.17,4.0,0.01,10.26,26.1,70.1,2.24,18,1
2022-02-02,25.97,6.97,7.1,0.76,24.76,48.33,86.8,1.46,17,1
2022-02-03,23.88,6.39,7.47,0.38,25.05,26.22,65.3,1.0,17,0
2022-02-04,27.65,6.67,5.78,0.13,30.6,33.74,80.9,2.34,13,0
2022-02-05,23.56,7.02,8.86,0.01,47.6,35.57,86.7,2.14,7,0
2022-02-06,26.42,6.57,4.66,0.91,23.92,54.64,74.9,1.77,11,0
2022-02-07,22.08,6.81,4.3,0.07,14.91,53.78,82.6,1.18,9,1
2022-02-08,23.34,7.5,6.84,0.01,19.74,21.31,65.6,1.48,19,1
2022-02-09,26.39,6.71,8.07,0.01,2.31,40.82,76.9,1.44,16,0
2022-02-10,27.48,7.42,9.03,0.48,13.05,29.36,89.2,1.63,10,0
2022-02-11,26.34,6.44,5.81,1.92,15.91,21.12,82.4,2.08,1,1
2022-02-12,25.77,7.26,8.12,1.83,14.76,36.74,71.2,1.85,3,0
2022-02-13,25.4,7.72,6.44,0.13,21.52,35.37,83.4,1.07,0,0
2022-02-14,23.04,5.76,6.24,0.02,11.78,76.4,90.7,2.05,14,0
2022-02-15,24.56,6.6,7.83,0.88,31.21,46.49,49.3,1.63,12,0
2022-02-16,25.08,7.29,7.48,0.01,20.0,19.34,97.4,1.77,7,0
2022-02-17,28.11,6.9,4.14,0.74,19.91,31.53,75.0,2.09,3,0
2022-02-18,26.69,7.19,8.71,1.11,16.72,55.32,86.4,1.06,9,1
2022-02-19,22.47,6.7,8.57,1.48,21.55,71.33,98.0,1.49,18,1
2022-02-20,26.65,7.04,5.56,0.42,28.25,16.21,59.4,1.29,17,0
2022-02-21,25.23,6.92,7.09,0.34,11.33,11.8,69.4,0.87,4,0
2022-02-22,24.65,7.58,7.24,0.01,13.42,68.06,75.7,1.64,18,0
2022-02-23,27.22,7.13,6.89,0.01,16.96,45.84,68.2,2.5,15,1
2022-02-24,28.06,7.17,5.67,0.32,6.54,26.98,100.0,0.76,0,0
2022-02-25,27.86,6.79,5.49,0.79,11.81,48.02,67.1,1.49,11,1
2022-02-26,24.32,6.76,6.46,1.23,15.24,2.0,71.7,1.76,1,1
2022-02-27,25.38,6.78,8.26,0.01,28.74,40.05,83.1,1.55,7,0
2022-02-28,26.66,7.2,7.32,1.69,22.63,44.92,62.0,1.45,17,0
2022-03-01,27.95,6.79,5.94,0.28,21.94,53.86,74.1,0.98,15,0
2022-03-02,25.04,7.14,7.66,0.48,28.51,24.79,84.8,1.59,4,0
2022-03-03,25.63,8.04,2.23,0.01,18.63,41.29,75.0,1.2,12,1
2022-03-04,23.79,7.44,8.22,0.01,23.9,26.12,78.6,0.62,18,1
2022-03-05,23.61,6.84,3.89,1.21,18.97,43.83,72.1,1.98,2,1
2022-03-06,27.63,7.6,5.96,1.09,22.65,26.57,57.3,1.88,7,0
2022-03-07,28.71,6.8,4.82,0.27,14.17,33.88,84.8,1.52,11,0
2022-03-08,25.86,5.98,4.56,0.55,0.0,25.06,100.0,1.59,1,0
2022-03-09,28.01,6.5,8.24,0.91,18.66,49.77,80.3,1.93,10,0
2022-03-10,26.72,6.06,5.8,0.01,34.23,52.88,83.4,1.59,11,1
2022-03-11,24.71,6.82,7.02,0.08,29.26,36.48,90.4,1.86,17,1
2022-03-12,26.72,7.01,6.43,1.14,29.65,40.57,61.0,1.38,12,0
2022-03-13,29.08,7.84,7.22,0.01,32.36,18.27,100.0,2.02,4,0
2022-03-14,25.93,7.16,6.62,0.73,20.89,35.5,83.0,1.63,11,0
2022-03-15,29.13,6.89,4.58,0.01,21.97,39.25,100.0,1.58,1,0
2022-03-16,20.76,7.41,7.99,0.87,13.82,79.31,69.0,0.99,4,0
2022-03-17,27.64,5.89,5.76,0.47,16.84,23.32,100.0,1.61,6,1
2022-03-18,26.17,7.12,4.17,0.01,26.16,61.96,91.6,1.17,11,0
2022-03-19,25.4,7.39,5.86,1.43,32.04,54.95,88.3,1.24,15,1
2022-03-20,26.18,6.26,8.75,0.01,18.61,44.21,83.5,1.17,7,0
2022-03-21,22.02,7.57,7.78,0.01,15.5,66.38,76.3,1.07,8,0
2022-03-22,25.56,7.17,5.98,0.66,20.01,45.58,98.0,2.35,14,0
2022-03-23,26.71,6.79,5.98,1.42,26.01,45.84,82.1,2.03,4,0
2022-03-24,28.96,7.32,6.02,0.01,5.56,39.2,50.5,2.27,12,0
2022-03-25,24.96,8.14,9.62,0.55,0.0,58.35,63.2,1.01,4,0
2022-03-26,24.38,7.09,7.07,0.84,14.49,56.45,77.2,1.53,10,0
2022-03-27,25.0,7.12,7.15,1.05,7.79,30.61,84.6,0.98,9,1
2022-03-28,27.83,6.77,8.05,0.64,14.92,20.21,79.2,1.22,19,1
2022-03-29,26.66,6.58,6.86,0.21,18.52,36.96,98.3,1.13,12,0
2022-03-30,24.94,7.42,6.11,0.01,15.47,28.0,50.7,2.0,8,0
2022-03-31,27.03,6.57,6.21,0.57,34.52,39.05,82.2,1.34,13,0
2022-04-01,26.19,7.04,6.39,0.01,23.27,58.56,52.7,1.93,17,0
2022-04-02,27.94,6.76,6.44,0.01,23.0,33.14,91.4,1.74,14,0
2022-04-03,24.6,7.24,7.59,0.85,26.22,39.36,78.6,2.42,9,0
2022-04-04,25.34,7.17,6.58,1.22,8.61,40.87,86.3,0.91,6,0
2022-04-05,25.22,7.52,7.6,0.01,30.39,52.73,67.0,2.0,7,0
2022-04-06,23.07,6.74,6.38,0.01,19.24,6.3,99.2,1.96,2,0
2022-04-07,26.59,6.87,6.62,1.0,26.7,30.9,95.6,1.11,14,0
2022-04-08,26.52,6.51,3.5,2.15,9.28,43.17,88.8,1.9,15,0
2022-04-09,26.01,6.78,7.87,0.52,4.46,58.0,78.1,1.63,3,0
2022-04-10,25.53,7.19,7.02,0.01,28.18,32.62,88.7,1.41,5,0
2022-04-11,23.17,7.38,8.0,0.35,23.76,11.85,69.4,1.17,0,0
2022-04-12,25.16,6.54,2.16,1.6,10.98,49.3,92.8,1.21,3,1
2022-04-13,25.31,7.43,9.63,0.01,11.3,30.47,100.0,2.32,10,0
2022-04-14,24.4,7.68,6.29,0.01,31.25,22.16,96.1,1.5,11,0
2022-04-15,25.68,7.21,8.16,0.11,8.11,30.63,69.1,1.81,4,0
2022-04-16,26.81,7.94,4.94,0.01,36.43,37.23,85.4,1.18,15,0
2022-04-17,29.77,6.61,7.42,0.6,10.99,30.93,60.6,1.19,12,1
2022-04-18,26.35,6.38,4.92,1.8,26.38,6.92,88.6,1.93,12,1
2022-04-19,26.52,6.11,5.56,0.76,16.71,53.46,86.8,0.96,16,0
2022-04-20,25.85,7.75,9.37,0.3,26.03,59.12,52.0,1.33,6,0
2022-04-21,22.16,7.33,6.21,0.27,14.56,49.77,62.6,1.51,7,0
2022-04-22,25.95,6.97,6.83,0.01,18.37,22.93,75.8,1.54,12,0
2022-04-23,26.12,7.14,7.81,1.21,20.41,36.98,75.5,1.43,15,0
2022-04-24,30.93,6.44,7.24,0.44,9.98,39.9,61.9,1.66,3,1
2022-04-25,25.62,8.22,6.73,0.36,27.41,48.98,85.8,1.78,7,0
2022-04-26,26.6,7.06,7.05,3.05,14.87,50.03,83.8,1.79,15,1
2022-04-27,25.93,7.05,10.0,0.74,17.71,28.99,77.1,1.11,9,0
2022-04-28,23.66,7.36,6.41,0.01,10.06,41.23,68.7,1.39,11,0
2022-04-29,28.29,7.24,6.8,0.16,0.0,46.86,95.7,1.98,11,0
2022-04-30,27.5,7.11,8.08,1.42,18.09,61.84,100.0,1.86,4,1
2022-05-01,27.58,6.6,8.16,0.59,44.13,50.57,72.7,0.95,15,0
2022-05-02,24.18,7.24,8.28,0.01,27.85,51.84,70.8,1.64,0,0
2022-05-03,28.81,7.94,7.46,1.24,19.81,41.26,87.4,0.71,8,0
2022-05-04,23.2,7.67,4.79,0.01,17.37,61.16,74.6,1.52,11,0
2022-05-05,27.17,7.8,8.95,2.0,20.22,46.15,77.9,2.26,4,1
2022-05-06,30.38,6.74,4.78,1.36,25.47,27.08,91.1,1.12,19,1
2022-05-07,24.02,6.51,6.95,0.14,8.19,61.05,51.4,1.17,2,0
2022-05-08,24.87,6.94,5.37,1.52,31.14,50.47,99.8,1.81,4,1
2022-05-09,26.2,7.03,6.4,0.55,27.15,33.35,81.1,0.88,1,0
2022-05-10,24.99,7.55,6.99,1.18,27.18,32.81,73.8,1.25,13,0
2022-05-11,22.9,6.15,6.98,0.89,24.38,44.45,78.7,1.74,1,0
2022-05-12,26.14,7.76,7.13,0.01,20.2,46.95,79.4,1.25,12,0
2022-05-13,23.88,6.92,8.92,0.01,26.73,42.96,54.0,1.41,6,0
2022-05-14,26.95,6.79,7.18,1.32,25.92,44.67,100.0,1.8,9,0
2022-05-15,24.16,6.49,6.13,0.23,16.46,65.5,80.6,1.67,12,0
2022-05-16,29.1,6.17,7.95,0.18,14.26,56.07,86.6,1.61,15,1
2022-05-17,24.43,7.41,8.28,0.01,21.02,42.86,94.3,1.36,13,1
2022-05-18,25.36,7.04,4.66,0.84,35.49,54.12,64.7,1.65,10,0
2022-05-19,27.63,6.36,7.4,2.15,7.61,24.51,87.1,1.45,9,0
2022-05-20,23.54,6.35,7.55,0.01,5.32,45.97,76.0,1.68,5,0
2022-05-21,26.45,6.83,6.05,0.52,21.65,67.14,92.7,1.3,3,1
2022-05-22,28.61,7.83,8.56,1.63,20.51,36.73,48.1,1.43,0,1
2022-05-23,22.79,6.87,6.27,0.44,21.73,27.29,78.5,1.1,6,0
2022-05-24,26.37,6.25,6.69,0.86,22.44,30.22,71.0,1.49,8,0
2022-05-25,26.52,6.88,6.24,0.01,17.77,23.66,86.5,1.18,7,0
2022-05-26,27.56,6.86,6.52,0.84,34.9,28.23,87.1,1.05,4,1
2022-05-27,23.53,5.65,4.86,0.35,3.99,34.44,69.4,1.6,18,1
2022-05-28,23.36,6.97,4.34,1.29,11.72,18.92,69.3,1.59,9,0
2022-05-29,27.04,6.88,8.89,1.45,18.97,40.23,78.3,1.81,10,1
2022-05-30,26.59,7.35,5.23,2.57,3.57,53.53,66.6,1.33,14,1
2022-05-31,26.5,7.92,5.01,0.96,18.24,26.38,92.6,1.66,5,0
2022-06-01,26.69,7.56,3.27,0.76,36.61,62.79,74.5,1.72,14,0
2022-06-02,24.64,6.87,5.54,0.66,20.21,47.66,36.4,1.68,4,0
2022-06-03,26.46,6.45,4.52,0.22,22.31,55.46,74.4,1.17,18,0
2022-06-04,26.59,8.29,8.96,0.77,7.4,30.13,64.4,1.56,18,0
2022-06-05,24.57,7.03,8.01,0.26,13.84,52.82,55.5,1.65,9,0
2022-06-06,29.73,7.01,5.47,0.63,16.25,23.62,61.4,1.5,11,0
2022-06-07,26.95,6.99,9.88,1.55,16.82,53.35,81.6,0.67,3,1
2022-06-08,23.62,7.1,7.97,0.01,32.82,42.58,99.9,1.56,17,1
2022-06-09,27.31,6.93,6.01,1.41,25.58,48.3,84.7,2.39,15,0
2022-06-10,24.05,6.71,2.75,1.55,8.89,22.37,70.9,1.36,7,1
2022-06-11,27.57,6.73,9.94,0.41,22.47,26.57,86.8,1.21,3,0
2022-06-12,28.32,6.98,4.42,0.01,24.98,48.96,73.1,1.65,11,0
2022-06-13,24.36,6.73,4.03,0.01,31.4,25.77,69.6,1.62,1,0
2022-06-14,27.93,6.64,8.03,1.54,35.81,46.95,62.7,1.98,3,0
2022-06-15,26.83,7.05,10.0,0.48,9.85,19.49,53.7,1.0,4,0
2022-06-16,27.64,6.87,8.58,0.01,11.89,52.72,74.2,1.79,2,0
2022-06-17,29.79,7.75,7.35,0.1,7.42,21.51,82.4,1.74,8,0
2022-06-18,25.51,5.67,7.39,1.17,17.66,48.28,78.6,1.44,17,1
2022-06-19,24.49,7.55,7.78,0.94,24.66,49.38,73.8,1.64,10,0
2022-06-20,24.22,7.62,7.64,0.31,29.87,29.55,65.8,1.91,2,0
2022-06-21,24.37,5.96,6.92,0.21,19.24,48.73,89.1,1.85,1,1
2022-06-22,25.85,6.83,6.66,0.19,16.8,43.91,60.2,1.04,8,0
2022-06-23,26.68,6.81,6.41,0.01,21.52,31.92,91.6,1.83,13,1
2022-06-24,26.55,6.3,5.37,1.79,11.65,24.87,65.0,1.47,3,1
2022-06-25,27.65,6.61,6.08,0.24,40.9,10.56,68.7,1.53,8,0
2022-06-26,26.03,6.44,3.96,1.47,3.92,45.24,58.0,1.53,12,0
2022-06-27,28.91,7.88,6.35,1.72,21.85,16.53,72.5,1.44,17,1
2022-06-28,25.47,7.47,5.02,1.3,40.24,41.43,94.6,1.98,14,0
2022-06-29,31.44,7.64,4.84,0.15,20.07,36.05,87.7,1.47,9,1
2022-06-30,27.25,7.36,6.77,0.82,18.1,50.19,94.7,1.05,15,0
2022-07-01,24.29,6.44,8.59,0.48,16.43,35.47,87.8,1.34,11,0
2022-07-02,23.86,6.74,7.88,0.01,18.2,35.06,63.4,1.57,19,0
2022-07-03,26.96,7.24,4.14,0.76,33.73,50.98,75.0,1.99,4,0
2022-07-04,25.55,6.39,5.02,0.01,0.0,45.03,68.3,1.74,1,0
2022-07-05,27.43,7.36,7.91,1.45,35.33,44.74,100.0,1.16,9,0
2022-07-06,26.95,6.88,5.03,0.13,5.76,47.04,62.0,2.49,0,0
2022-07-07,25.85,6.81,6.16,0.66,17.33,16.97,93.4,1.61,6,0
2022-07-08,24.31,7.36,7.33,0.73,15.71,51.35,93.4,2.01,16,0
2022-07-09,22.97,7.22,5.05,0.29,25.89,49.19,100.0,1.44,15,1
2022-07-10,25.11,6.82,6.66,0.97,4.02,24.75,73.9,1.71,2,0
2022-07-11,27.71,7.58,4.5,0.12,24.62,36.34,90.7,1.84,13,0
2022-07-12,26.43,6.46,5.6,1.2,40.24,39.41,100.0,1.99,9,1
2022-07-13,23.51,7.31,6.98,0.01,6.37,37.98,70.7,1.92,6,0
2022-07-14,26.35,7.3,4.11,0.6,21.9,45.01,57.0,1.85,16,1
2022-07-15,26.77,6.85,7.16,2.05,13.38,61.47,51.8,1.37,5,0
2022-07-16,24.23,7.16,6.47,0.01,24.26,56.23,90.7,1.27,3,0
2022-07-17,26.31,6.37,7.33,0.01,20.19,20.32,51.8,1.63,16,1
2022-07-18,26.12,7.46,6.84,0.91,13.59,49.33,74.4,1.87,8,0
2022-07-19,23.71,6.91,8.55,0.64,24.88,59.93,86.6,1.41,3,0
2022-07-20,26.72,6.74,6.69,0.78,38.04,45.8,82.8,1.93,6,0
2022-07-21,27.12,7.52,5.86,0.89,18.09,56.36,86.4,2.08,1,0
2022-07-22,28.17,6.65,6.68,1.01,27.2,70.18,83.3,1.13,16,0
2022-07-23,28.11,6.3,7.31,1.39,7.07,55.36,99.2,1.17,7,1
2022-07-24,23.24,6.22,6.57,0.83,10.44,43.74,65.7,1.44,14,0
2022-07-25,24.12,7.3,6.56,0.31,24.72,55.68,69.8,1.62,14,0
2022-07-26,27.03,6.36,5.45,1.04,34.84,42.17,68.4,1.29,7,1
2022-07-27,27.03,7.88,5.51,2.02,23.56,40.36,92.5,2.04,15,0
2022-07-28,27.03,5.96,4.4,0.39,16.87,34.73,93.5,1.67,18,1
2022-07-29,33.71,7.85,9.12,0.01,19.99,63.45,86.8,1.52,10,0
2022-07-30,27.14,7.11,4.63,1.39,7.5,27.72,97.8,0.93,1,1
2022-07-31,28.27,6.95,5.46,0.4,26.05,62.99,62.3,0.97,16,1
2022-08-01,27.91,6.73,5.42,0.01,28.82,47.5,100.0,1.61,15,0
2022-08-02,27.3,7.2,7.84,1.18,15.48,19.01,100.0,0.65,14,1
2022-08-03,25.37,6.98,6.06,0.07,15.3,45.51,91.0,1.91,12,0
2022-08-04,27.52,7.55,8.37,0.43,22.66,8.5,100.0,1.44,14,0
2022-08-05,24.45,7.06,5.49,0.77,15.63,49.38,55.2,2.8,3,0
2022-08-06,25.53,7.08,6.92,0.65,19.34,53.28,72.1,2.42,15,0
2022-08-07,25.03,6.82,5.25,1.07,41.0,31.11,69.0,1.43,11,1
2022-08-08,26.16,6.97,9.72,0.15,17.53,41.85,90.8,1.46,3,0
2022-08-09,30.63,7.15,4.72,0.91,16.42,69.31,64.2,1.9,2,0
2022-08-10,22.27,6.14,6.96,0.29,13.52,32.41,91.4,2.18,16,1
2022-08-11,27.37,6.33,7.45,1.09,27.44,24.12,100.0,0.84,17,1
2022-08-12,22.77,7.37,7.12,0.99,18.19,62.22,90.4,0.79,17,1
2022-08-13,25.06,7.09,6.22,0.01,13.51,69.44,84.3,1.25,16,0
2022-08-14,28.18,6.91,6.31,1.37,33.21,40.06,65.2,1.73,11,1
2022-08-15,26.13,7.01,6.57,0.07,34.2,55.17,67.3,1.7,3,0
2022-08-16,23.84,7.17,6.28,1.15,14.0,60.12,98.7,1.93,11,0
2022-08-17,24.57,6.73,7.95,0.79,1.33,28.86,91.7,1.02,19,1
2022-08-18,27.36,6.61,9.82,1.97,30.08,32.72,79.4,0.57,14,0
2022-08-19,24.54,7.1,5.66,0.32,13.15,58.46,73.7,1.84,15,0
2022-08-20,26.43,6.51,4.45,0.22,27.91,65.28,49.6,1.17,4,1
2022-08-21,26.09,7.2,6.37,0.48,0.3,48.44,63.9,0.69,14,0
2022-08-22,24.7,6.15,10.0,0.26,28.93,26.8,100.0,1.56,16,0
2022-08-23,30.29,7.51,5.29,1.14,7.89,69.81,60.8,1.82,17,1
2022-08-24,27.27,7.24,8.96,0.01,27.31,32.04,82.8,1.45,4,0
2022-08-25,21.95,7.13,9.02,0.01,20.14,34.97,95.1,1.32,12,0
2022-08-26,26.37,7.49,5.67,0.01,10.46,45.14,61.2,1.44,18,0
2022-08-27,24.68,7.83,7.35,1.26,15.93,63.31,82.8,1.35,12,0
2022-08-28,27.7,7.51,8.94,1.87,26.86,52.81,94.1,0.96,17,1
2022-08-29,24.41,6.08,5.93,0.42,21.06,46.22,80.2,1.21,13,0
2022-08-30,25.77,6.36,6.19,0.36,25.84,46.95,100.0,1.71,3,0
2022-08-31,27.01,6.69,5.63,0.56,39.76,40.65,55.0,1.63,3,0
2022-09-01,27.73,7.01,4.98,1.43,4.36,48.37,95.9,1.57,19,1
2022-09-02,23.6,7.26,5.53,0.01,36.17,2.06,77.4,1.1,19,0
2022-09-03,25.33,6.64,4.66,0.69,21.04,35.55,91.6,1.43,18,0
2022-09-04,25.05,7.09,6.55,1.28,11.01,43.62,86.6,0.63,12,1
2022-09-05,24.69,6.62,5.35,0.9,6.7,22.73,69.0,1.57,11,0
2022-09-06,29.53,6.69,6.85,0.65,18.11,45.79,83.4,2.07,6,0
2022-09-07,26.81,6.3,4.17,1.3,29.22,36.93,52.1,0.91,11,1
2022-09-08,23.48,6.54,7.0,0.01,18.72,66.33,89.0,1.27,3,0
2022-09-09,27.84,6.32,7.75,1.04,35.11,63.6,84.5,1.63,1,1
2022-09-10,30.24,6.51,3.51,0.01,5.49,33.01,89.6,2.0,1,1
2022-09-11,28.06,7.53,7.06,0.01,19.88,37.74,95.9,1.32,4,0
2022-09-12,22.96,6.53,8.34,0.91,7.48,38.89,85.5,1.22,9,0
2022-09-13,25.03,8.32,4.69,1.6,23.64,33.23,82.2,0.71,9,1
2022-09-14,28.53,7.25,9.01,0.39,28.87,42.93,66.8,1.54,8,0
2022-09-15,24.58,7.09,7.13,1.26,15.79,28.63,69.3,2.32,12,0
2022-09-16,26.89,6.57,5.44,1.79,0.0,23.04,97.8,1.61,6,0
2022-09-17,27.55,7.35,6.42,1.55,21.99,49.34,100.0,1.49,4,1
2022-09-18,24.15,6.71,7.34,1.81,24.37,49.44,76.4,1.63,9,0
2022-09-19,25.88,7.06,6.61,1.09,24.04,27.94,80.7,1.5,9,1
2022-09-20,19.52,8.28,7.31,0.56,32.36,53.43,66.4,1.17,5,0
2022-09-21,23.95,6.95,5.12,0.01,9.29,30.53,97.6,1.83,18,1
2022-09-22,25.49,7.57,6.75,0.3,26.8,43.8,90.0,1.59,7,0
2022-09-23,23.5,6.65,4.38,0.01,31.93,52.31,100.0,1.51,0,0
2022-09-24,29.26,6.98,6.33,2.24,2.21,39.5,66.8,1.11,16,1
2022-09-25,23.14,7.89,5.14,0.36,23.2,46.82,74.3,2.02,6,0
2022-09-26,25.12,6.69,5.4,0.6,14.96,32.25,83.5,1.77,13,0
2022-09-27,26.26,7.91,8.35,0.94,19.18,37.05,89.7,1.28,16,1
2022-09-28,28.88,7.35,8.14,0.53,23.48,36.91,76.8,1.9,8,0
2022-09-29,23.13,6.72,7.41,1.86,15.13,28.8,66.9,1.3,16,1
2022-09-30,28.33,7.32,4.86,0.01,13.24,37.35,93.2,1.19,4,0
2022-10-01,26.02,7.49,6.03,0.66,20.34,16.77,90.8,1.2,19,1
2022-10-02,24.04,7.31,8.32,0.01,9.13,32.63,66.3,0.79,7,1
2022-10-03,26.92,6.21,6.71,0.01,9.14,35.73,100.0,1.69,5,1
2022-10-04,26.4,6.64,9.98,0.01,26.79,36.16,97.6,0.77,10,1
2022-10-05,24.8,6.88,7.09,0.47,8.51,36.38,82.0,1.01,18,0
2022-10-06,26.14,6.96,6.79,0.16,26.66,39.07,81.2,0.67,3,0
2022-10-07,25.23,7.31,6.04,0.01,24.63,47.19,88.3,1.47,17,1
2022-10-08,26.23,7.09,6.7,0.01,2.74,53.12,67.1,1.44,0,0
2022-10-09,27.32,6.33,6.27,0.43,13.22,30.25,80.5,1.37,12,1
2022-10-10,29.17,7.19,7.56,0.01,31.94,21.95,47.7,1.08,13,1
2022-10-11,23.52,7.31,7.94,1.11,10.19,24.37,93.1,1.03,0,1
2022-10-12,30.27,7.28,5.32,0.57,15.36,32.69,56.6,1.69,10,0
2022-10-13,22.1,7.54,4.5,0.01,24.62,34.72,100.0,1.28,16,0
2022-10-14,25.7,7.42,3.75,0.25,27.83,28.45,75.0,1.63,3,0
2022-10-15,27.18,7.23,7.26,0.01,17.48,20.56,76.8,1.15,11,0
2022-10-16,26.56,6.96,4.84,0.76,14.02,33.16,70.6,1.57,9,0
2022-10-17,24.75,6.17,3.27,1.57,34.22,42.72,75.7,2.02,5,1
2022-10-18,25.58,7.21,7.08,0.01,37.39,48.93,100.0,1.73,0,0
2022-10-19,25.01,7.1,10.0,0.59,29.79,31.64,42.7,1.34,6,0
2022-10-20,24.82,7.14,6.49,0.37,20.85,33.81,99.2,1.6,15,0
2022-10-21,27.7,6.36,7.76,1.04,11.92,26.1,85.1,1.4,13,1
2022-10-22,26.71,6.46,6.62,0.67,11.7,39.53,61.9,1.5,19,0
2022-10-23,24.61,7.53,6.35,0.01,25.23,27.27,63.9,1.37,19,1
2022-10-24,27.8,6.98,7.88,0.24,24.18,48.6,100.0,1.43,5,0
2022-10-25,26.61,7.34,6.06,0.01,34.02,13.21,65.8,1.58,4,0
2022-10-26,27.63,7.01,6.9,1.36,26.5,34.61,62.7,1.1,17,1
2022-10-27,27.26,7.01,6.98,0.52,4.97,44.52,97.1,1.09,14,0
2022-10-28,24.34,7.47,5.5,2.02,30.52,42.76,85.1,0.94,5,0
2022-10-29,24.88,6.74,7.99,0.45,10.02,80.4,65.9,0.86,18,0
2022-10-30,27.49,7.05,6.24,0.01,16.16,45.25,83.2,1.01,0,0
2022-10-31,27.22,6.77,5.37,0.01,22.5,24.94,64.6,1.56,0,0
2022-11-01,25.96,6.78,7.3,0.01,39.96,38.57,96.5,1.14,12,0
2022-11-02,26.23,6.85,5.15,0.01,51.1,13.36,95.9,1.71,2,0
2022-11-03,28.56,7.11,6.54,0.71,26.07,38.79,88.0,1.51,9,0
2022-11-04,24.82,6.76,6.49,0.91,18.17,27.5,85.4,0.71,2,0
2022-11-05,27.09,7.63,8.13,0.01,25.35,53.73,100.0,1.76,8,0
2022-11-06,25.6,6.55,7.21,1.22,28.88,31.76,80.0,1.82,7,0
2022-11-07,25.56,6.91,6.46,0.11,16.79,38.25,62.3,1.1,2,0
2022-11-08,28.2,6.78,7.73,0.62,37.95,30.47,86.7,1.67,12,0
2022-11-09,27.65,7.72,8.59,1.79,22.3,66.08,100.0,1.16,5,0
2022-11-10,27.63,7.1,7.34,1.22,24.98,35.18,64.8,1.54,12,1
2022-11-11,28.61,7.52,6.52,0.29,26.66,67.49,74.6,0.99,19,1
2022-11-12,26.04,6.26,4.53,0.01,24.22,52.21,86.2,0.78,19,1
2022-11-13,27.36,7.13,4.9,0.01,28.39,47.23,79.2,1.35,11,1
2022-11-14,25.38,7.44,6.04,0.01,13.83,45.53,65.3,1.45,12,0
2022-11-15,26.65,7.04,5.59,0.33,14.42,45.91,96.8,1.34,1,0
2022-11-16,25.74,7.53,6.22,0.01,9.0,11.08,100.0,1.03,15,0
2022-11-17,26.19,6.74,6.58,0.39,24.4,35.82,82.9,1.34,5,0
2022-11-18,27.19,7.7,7.29,0.56,27.79,52.68,66.4,1.61,18,0
2022-11-19,24.36,8.15,6.39,0.32,24.58,39.27,56.8,1.48,12,0
2022-11-20,30.18,6.82,7.23,0.01,36.74,18.92,83.9,1.57,16,1
2022-11-21,23.99,6.78,6.6,0.63,19.94,39.21,96.6,1.23,8,0
2022-11-22,23.57,7.73,3.54,0.85,26.69,65.56,87.1,1.97,16,1
2022-11-23,28.32,7.79,5.09,0.01,9.08,58.7,80.0,1.03,1,0
2022-11-24,27.58,6.74,6.28,1.63,16.13,39.07,71.2,1.7,18,1
2022-11-25,27.25,6.79,4.69,0.42,26.96,54.27,63.6,1.97,18,0
2022-11-26,27.26,6.86,7.4,0.52,28.49,34.5,92.5,1.69,6,1
2022-11-27,25.98,6.33,8.8,1.07,17.06,14.44,93.7,1.42,9,0
2022-11-28,24.21,6.54,8.33,0.69,19.28,26.13,56.8,1.29,9,0
2022-11-29,26.15,6.5,6.18,1.26,4.82,63.44,100.0,1.91,19,1
2022-11-30,24.65,6.62,8.74,0.73,16.43,35.89,88.6,0.93,8,0
2022-12-01,27.95,6.98,6.72,0.01,28.9,36.35,100.0,1.11,16,1
2022-12-02,25.71,7.12,5.99,0.79,25.75,35.5,59.9,1.34,14,0
2022-12-03,24.35,7.78,5.58,0.01,25.01,68.56,59.5,2.0,1,0
2022-12-04,25.36,6.5,6.05,0.59,20.5,64.39,77.8,1.65,3,0
2022-12-05,26.83,7.49,5.92,0.47,20.07,73.28,87.5,1.11,18,0
2022-12-06,24.87,6.89,6.76,0.33,13.4,37.61,100.0,1.38,16,0
2022-12-07,24.36,6.98,6.74,0.4,26.99,44.43,90.6,1.25,4,0
2022-12-08,26.49,7.34,6.5,0.01,24.21,17.25,76.4,1.22,6,0
2022-12-09,26.49,6.44,7.16,0.06,24.92,62.15,64.6,1.89,17,1
2022-12-10,24.99,7.19,8.29,0.57,14.74,22.48,98.5,0.95,6,0
2022-12-11,25.06,7.08,7.92,0.63,0.0,43.25,65.5,2.14,16,0
2022-12-12,26.46,7.25,4.27,0.01,30.97,23.54,100.0,1.83,6,0
2022-12-13,23.1,7.14,2.67,1.51,15.21,31.17,75.7,1.94,3,1
2022-12-14,23.19,8.23,7.9,0.01,11.37,27.44,100.0,1.31,7,0
2022-12-15,24.56,6.68,4.45,1.28,26.93,30.88,90.2,1.44,12,0
2022-12-16,25.57,6.73,6.16,0.84,16.08,31.91,77.9,0.93,3,0
2022-12-17,26.62,6.69,4.74,0.01,30.6,31.78,72.2,1.29,5,1
2022-12-18,28.95,6.72,3.8,1.92,26.17,52.5,74.9,1.7,4,1
2022-12-19,27.72,6.68,7.31,0.01,26.84,23.43,86.4,2.02,11,0
2022-12-20,25.68,7.59,7.64,1.24,6.34,43.31,81.2,1.06,3,0
2022-12-21,25.96,7.71,5.64,1.3,32.12,58.27,71.1,1.35,8,1
2022-12-22,23.99,6.71,2.61,0.01,22.61,32.3,77.5,1.44,3,0
2022-12-23,25.96,6.58,5.68,1.61,16.31,29.23,81.2,0.94,18,0
2022-12-24,25.42,7.24,7.09,0.3,21.43,36.54,48.1,1.74,13,1
2022-12-25,26.65,6.72,4.28,0.73,2.24,57.7,86.9,1.21,4,0
2022-12-26,24.35,7.32,6.78,0.71,24.09,42.91,65.3,1.42,17,1
2022-12-27,27.04,7.1,6.48,0.39,9.71,32.03,62.7,1.32,9,0
2022-12-28,29.07,6.24,7.37,1.15,6.47,47.26,54.7,1.18,18,1
2022-12-29,25.78,7.77,6.68,1.13,4.78,23.47,53.1,1.5,11,1
2022-12-30,26.8,7.9,5.04,0.01,31.13,50.22,59.7,1.41,17,1
2022-12-31,27.38,6.69,8.29,1.54,13.71,46.13,69.4,1.35,16,1
2023-01-01,25.2,6.81,6.26,0.01,35.34,35.38,100.0,1.21,10,0
2023-01-02,26.45,7.14,6.46,1.33,14.64,27.42,72.1,1.63,2,0
2023-01-03,26.03,7.17,5.1,1.4,2.93,26.7,82.7,2.16,16,1
2023-01-04,26.2,7.33,5.84,0.01,8.83,48.02,86.0,1.56,0,0
2023-01-05,24.45,8.01,5.17,0.17,32.36,58.43,82.0,1.9,14,0
2023-01-06,26.05,6.91,6.24,0.01,18.44,30.44,78.8,0.94,8,0
2023-01-07,27.0,6.6,9.07,0.33,14.52,46.88,62.1,1.56,14,0
2023-01-08,28.9,6.31,4.44,0.25,21.6,8.69,100.0,1.06,2,0
2023-01-09,27.92,6.63,4.08,1.12,25.02,31.23,100.0,0.91,18,0
2023-01-10,30.31,6.98,8.71,1.55,31.17,39.53,54.8,1.2,12,1
2023-01-11,24.47,7.9,6.19,1.62,34.48,26.35,64.6,1.98,11,0
2023-01-12,27.74,6.74,5.5,0.05,16.4,25.95,75.8,1.88,19,1
2023-01-13,26.37,7.11,8.06,0.33,6.74,29.98,65.5,1.6,0,0
2023-01-14,30.38,6.99,5.59,0.01,15.87,44.38,87.6,0.89,16,1
2023-01-15,24.38,7.59,9.24,0.01,22.6,37.19,69.1,1.42,12,1
2023-01-16,24.32,8.26,7.52,1.27,10.36,6.43,100.0,1.62,0,1
2023-01-17,24.8,6.73,5.77,1.79,10.43,8.19,97.9,1.57,9,0
2023-01-18,21.75,6.76,9.74,0.01,23.44,30.9,83.2,0.76,14,0
2023-01-19,24.95,7.52,5.59,0.03,19.51,46.87,95.4,1.14,6,0
2023-01-20,24.48,7.34,7.61,0.48,20.33,2.0,96.6,1.47,17,0
2023-01-21,26.3,7.92,6.95,0.72,12.42,32.5,71.5,1.71,15,0
2023-01-22,26.68,7.29,8.45,0.01,17.7,32.11,67.8,0.62,13,1
2023-01-23,29.75,6.82,8.84,0.84,10.76,60.83,81.2,1.44,17,1
2023-01-24,27.9,7.3,6.55,0.12,28.9,34.22,92.9,1.56,6,0
2023-01-25,24.85,7.55,5.37,0.49,30.35,45.74,82.1,1.84,16,0
2023-01-26,24.2,7.41,7.19,0.94,1.54,42.12,56.3,1.78,17,0
2023-01-27,26.98,7.25,5.48,0.51,10.7,8.04,68.0,1.73,11,0
2023-01-28,23.36,7.53,9.52,0.15,5.03,51.52,78.9,1.18,7,0
2023-01-29,29.66,7.58,6.7,0.41,13.5,43.23,78.9,0.74,1,0
2023-01-30,28.36,7.69,5.95,0.43,19.17,47.62,100.0,1.34,6,0
2023-01-31,25.06,7.32,6.78,0.2,5.5,98.89,59.2,1.9,3,0
2023-02-01,22.57,6.92,4.48,0.29,10.78,8.74,87.6,2.06,17,1
2023-02-02,28.71,7.07,5.04,1.78,9.96,65.87,100.0,1.78,5,0
2023-02-03,25.77,7.6,8.3,0.95,22.07,35.69,100.0,1.67,8,0
2023-02-04,28.48,6.59,5.51,0.26,20.69,44.31,73.9,1.65,8,0
2023-02-05,22.81,7.18,4.93,1.06,12.78,39.32,87.4,1.28,13,0
2023-02-06,24.8,6.8,7.3,0.23,21.77,33.64,88.5,1.45,7,0
2023-02-07,26.01,7.01,8.28,1.44,14.53,31.45,82.9,2.17,18,1
2023-02-08,26.09,7.64,7.58,0.8,17.28,44.94,78.5,1.12,2,0
2023-02-09,25.1,7.1,7.99,0.41,36.73,17.24,86.5,2.15,17,0
2023-02-10,27.25,7.02,5.36,0.86,33.4,51.26,42.0,1.37,4,0
2023-02-11,23.86,6.32,4.37,0.01,7.0,33.76,90.2,2.03,13,0
2023-02-12,25.72,7.37,8.75,0.01,28.3,23.05,81.9,0.94,3,0
2023-02-13,26.24,7.32,6.02,0.01,28.11,33.25,76.7,1.73,6,0
2023-02-14,27.03,8.08,6.12,0.61,8.52,58.86,100.0,1.21,19,0
2023-02-15,27.42,6.85,8.49,1.89,28.19,31.97,69.9,0.93,11,0
2023-02-16,23.75,7.11,7.33,2.29,35.38,45.38,74.0,1.59,1,0
2023-02-17,22.93,7.12,7.18,1.01,8.77,29.04,100.0,1.9,10,0
2023-02-18,28.56,7.79,9.75,0.9,10.82,51.37,67.5,1.16,13,0
2023-02-19,26.66,6.95,5.53,0.01,30.18,50.28,71.7,0.9,15,0
2023-02-20,24.5,7.14,7.89,0.07,22.71,67.73,77.8,1.46,19,1
2023-02-21,29.1,7.3,6.59,0.01,25.51,37.37,92.6,1.47,5,0
2023-02-22,26.23,7.09,6.9,0.01,23.41,50.03,83.1,1.72,3,0
2023-02-23,28.36,6.78,8.79,0.37,23.91,41.47,60.6,1.88,14,0
2023-02-24,26.14,7.1,7.26,0.12,6.74,59.44,72.0,1.48,0,0
2023-02-25,30.12,7.54,7.31,0.01,30.47,29.22,70.9,2.24,6,0
2023-02-26,29.51,6.49,8.11,1.1,31.7,51.18,78.8,1.59,11,1
2023-02-27,25.5,7.07,5.95,0.01,17.71,37.08,86.4,1.36,9,0
2023-02-28,27.94,6.65,5.24,0.69,19.57,39.04,86.3,0.86,4,0
2023-03-01,27.29,7.6,4.93,2.16,4.69,41.38,53.4,1.39,11,0
2023-03-02,28.74,6.24,3.55,0.01,25.14,43.78,96.0,1.37,17,1
2023-03-03,24.07,6.72,9.58,0.01,25.72,38.26,83.8,1.88,9,0
2023-03-04,27.37,7.19,4.85,0.27,19.38,43.22,100.0,1.68,5,0
2023-03-05,28.12,7.78,6.17,1.38,31.24,63.67,86.7,1.03,11,0
2023-03-06,22.48,6.97,6.08,2.07,16.66,54.78,96.5,1.57,6,0
2023-03-07,23.63,6.72,6.96,0.01,25.65,53.04,87.0,1.77,17,0
2023-03-08,21.92,7.94,7.72,0.9,9.8,33.17,100.0,2.11,1,0
2023-03-09,25.46,6.28,7.79,0.13,19.76,26.66,87.8,1.86,9,0
2023-03-10,27.44,5.9,5.63,0.42,18.26,54.33,78.5,1.8,14,0
2023-03-11,29.0,7.22,6.25,2.62,22.25,53.14,100.0,1.52,11,1
2023-03-12,26.15,6.75,6.92,0.01,16.3,62.09,93.3,1.66,16,1
2023-03-13,29.26,6.49,6.13,0.7,18.69,30.94,88.6,2.0,3,0
2023-03-14,23.24,7.35,8.91,0.87,28.26,36.56,60.9,0.97,6,0
2023-03-15,22.59,7.12,7.24,1.37,15.63,15.41,60.7,1.36,8,1
2023-03-16,25.89,6.72,7.6,0.58,3.93,34.11,84.4,1.19,18,1
2023-03-17,26.77,6.36,7.49,0.75,37.5,54.95,82.2,1.65,6,0
2023-03-18,25.93,7.44,8.26,0.19,33.81,33.0,70.8,1.99,1,0
2023-03-19,21.87,7.33,6.77,0.72,7.08,49.61,82.1,1.26,5,0
2023-03-20,25.82,6.95,4.55,0.23,26.9,37.14,100.0,0.54,17,0
2023-03-21,23.39,7.92,7.1,1.0,14.97,44.86,90.4,1.34,5,0
2023-03-22,27.34,6.46,5.52,0.2,22.63,22.78,62.9,1.87,12,0
2023-03-23,26.73,6.24,5.71,0.8,22.94,41.28,78.3,1.72,18,0
2023-03-24,24.12,6.65,7.38,0.48,17.66,2.0,67.9,1.67,1,0
2023-03-25,24.97,6.98,8.36,1.4,12.16,37.2,74.2,1.39,11,0
2023-03-26,23.88,7.12,6.53,0.46,13.09,15.54,73.8,0.99,14,0
2023-03-27,25.87,6.88,6.96,0.01,10.84,58.09,72.8,1.71,13,0
2023-03-28,27.91,7.18,9.05,1.51,11.68,51.66,61.2,1.17,5,0
2023-03-29,24.03,6.37,6.86,0.01,19.33,47.0,78.1,2.37,17,1
2023-03-30,27.01,7.72,10.0,0.01,12.84,62.82,71.6,1.73,4,0
2023-03-31,24.94,6.96,7.35,0.02,26.82,25.77,36.1,1.27,17,1
2023-04-01,24.41,7.56,3.86,1.6,34.87,66.21,100.0,1.26,2,0
2023-04-02,25.79,7.17,7.63,0.01,14.2,53.98,96.3,1.46,2,0
2023-04-03,23.93,7.23,7.07,3.01,22.39,36.45,74.4,1.4,9,1
2023-04-04,24.89,7.28,8.43,1.34,25.0,57.03,80.3,1.95,18,1
2023-04-05,23.6,7.22,7.51,0.68,24.72,23.41,62.4,1.57,2,0
2023-04-06,29.93,7.32,6.29,0.46,20.76,27.63,100.0,1.21,11,0
2023-04-07,26.07,7.66,4.66,0.73,27.43,30.87,100.0,2.26,15,0
2023-04-08,24.6,7.1,6.19,0.92,24.82,32.07,82.4,1.52,16,0
2023-04-09,26.43,7.35,5.22,1.02,7.62,24.15,95.4,1.81,6,0
2023-04-10,25.78,6.96,5.63,0.94,28.69,58.35,82.6,1.26,12,0
2023-04-11,25.56,7.72,7.38,0.57,28.87,36.12,59.9,1.65,1,0
2023-04-12,27.23,6.66,9.0,0.34,12.37,45.29,73.8,1.62,3,0
2023-04-13,27.52,7.9,7.09,0.38,20.38,31.44,82.0,0.74,9,0
2023-04-14,24.94,6.98,4.71,0.34,26.83,12.69,73.2,2.31,6,0
2023-04-15,24.85,6.28,7.17,1.41,17.91,44.05,76.7,2.02,16,1
2023-04-16,25.45,7.06,8.29,0.97,30.73,11.32,78.6,1.34,19,0
2023-04-17,21.4,6.66,5.59,0.01,43.64,38.97,78.8,1.06,5,0
2023-04-18,22.97,7.42,6.3,1.02,12.14,19.48,80.8,1.64,18,1
2023-04-19,28.73,6.67,6.52,0.66,6.19,69.81,64.1,1.53,4,0
2023-04-20,29.29,6.78,5.32,0.49,23.04,53.67,69.2,1.64,9,0
2023-04-21,25.5,6.06,7.47,0.19,27.22,41.59,60.7,1.58,8,0
2023-04-22,27.15,6.77,6.32,1.4,17.69,58.96,94.7,1.7,12,1
2023-04-23,26.62,5.79,7.13,1.26,34.53,27.31,48.4,2.08,18,1
2023-04-24,32.16,6.21,5.17,0.01,6.61,48.15,97.3,1.73,5,1
2023-04-25,28.24,7.38,5.84,0.83,26.93,43.0,100.0,1.08,3,1
2023-04-26,25.74,7.39,7.58,0.01,13.94,43.96,75.5,2.05,2,1
2023-04-27,24.09,7.21,5.94,0.01,37.19,59.09,41.0,2.16,2,0
2023-04-28,22.79,6.52,9.09,0.01,39.93,50.99,74.6,2.76,3,0
2023-04-29,26.41,6.98,5.9,1.19,12.33,44.33,79.0,1.05,4,1
2023-04-30,24.49,7.0,6.84,1.26,14.5,15.18,64.8,1.6,7,0
2023-05-01,23.16,6.42,7.9,0.91,28.6,25.6,72.3,0.67,15,1
2023-05-02,24.71,7.75,4.37,1.08,16.13,38.16,100.0,1.72,2,0
2023-05-03,23.84,7.44,3.86,0.91,19.55,41.4,90.0,1.28,11,0
2023-05-04,29.37,6.89,4.21,0.01,20.25,23.05,66.1,2.27,7,0
2023-05-05,27.76,7.01,8.39,0.85,0.8,76.18,56.0,1.19,12,0
2023-05-06,25.98,7.1,5.67,1.14,19.86,62.75,75.1,0.82,3,0
2023-05-07,28.96,5.98,10.0,1.1,13.1,49.03,76.8,1.31,13,1
2023-05-08,26.15,6.88,5.65,1.45,15.07,41.08,87.4,0.71,13,0
2023-05-09,24.28,6.66,6.78,1.07,34.44,36.82,72.0,1.8,12,0
2023-05-10,29.05,6.5,8.81,0.78,7.43,25.72,87.7,0.67,5,0
2023-05-11,27.08,6.86,9.51,1.36,28.13,41.16,100.0,1.51,16,1
2023-05-12,23.93,7.9,9.59,0.48,17.21,43.87,92.2,0.67,3,0
2023-05-13,25.62,7.32,8.31,0.01,17.2,21.37,79.3,1.37,7,0
2023-05-14,24.25,6.71,8.04,0.37,27.9,45.01,77.3,2.16,16,1
2023-05-15,23.23,7.29,7.39,0.01,23.4,37.67,74.6,1.64,2,0
2023-05-16,25.21,7.1,7.92,0.37,5.62,48.8,95.1,1.56,2,0
2023-05-17,28.5,6.5,6.66,0.28,9.18,21.69,78.0,1.06,4,0
2023-05-18,26.19,7.28,7.94,0.17,8.66,29.81,78.6,1.95,3,0
2023-05-19,24.92,7.07,8.82,0.76,7.65,17.84,83.8,1.61,4,0
2023-05-20,27.98,6.88,6.48,0.01,29.46,38.27,91.1,1.97,2,0
2023-05-21,28.82,6.55,9.15,0.02,14.33,23.01,93.1,2.11,5,0
2023-05-22,30.28,6.72,6.9,0.03,5.94,35.46,84.4,1.73,4,0
2023-05-23,31.9,6.0,4.18,3.81,58.4,91.24,46.2,0.78,37,1
2023-05-24,24.23,6.92,8.19,0.31,5.02,24.1,76.3,1.55,4,0
2023-05-25,33.0,8.49,2.62,3.44,82.05,65.18,59.9,0.46,11,1
2023-05-26,26.79,7.09,7.45,0.8,12.26,36.89,73.3,1.47,5,0
2023-05-27,28.69,6.7,6.65,0.01,22.73,37.1,85.1,1.59,3,0
2023-05-28,25.55,6.9,8.72,0.51,21.66,31.19,72.7,1.6,8,0
2023-05-29,33.0,5.96,3.66,1.02,57.24,79.21,50.8,0.69,18,1
2023-05-30,33.0,6.1,3.8,2.08,74.41,77.81,49.1,0.45,39,1
2023-05-31,26.62,7.26,7.14,0.3,28.84,30.11,82.4,2.5,3,0
2023-06-01,26.75,7.22,6.82,0.15,30.53,22.68,92.8,1.76,6,0
2023-06-02,24.48,7.11,8.34,0.36,26.07,24.38,94.1,1.52,8,0
2023-06-03,27.27,6.74,7.44,0.23,13.6,33.63,79.7,1.56,3,0
2023-06-04,29.09,7.72,9.5,0.3,26.78,49.03,65.0,1.76,3,0
2023-06-05,22.73,8.22,2.39,1.88,74.72,85.01,49.8,0.47,25,1
2023-06-06,25.27,7.58,5.72,0.04,15.26,13.67,87.3,1.62,2,0
2023-06-07,25.61,6.84,9.15,0.19,24.49,11.92,85.0,1.93,8,0
2023-06-08,27.68,7.34,8.25,0.07,13.22,18.58,95.6,1.57,5,0
2023-06-09,33.0,8.46,3.04,4.39,74.66,74.82,47.1,0.65,12,1
2023-06-10,26.5,7.38,6.61,0.13,32.92,44.34,100.0,1.57,5,0
2023-06-11,27.34,6.96,7.65,0.3,18.45,21.73,91.0,2.06,5,0
2023-06-12,24.27,7.29,7.28,0.13,8.51,15.72,91.1,2.11,1,0
2023-06-13,25.68,7.07,5.5,0.5,33.42,49.44,70.9,1.5,3,0
2023-06-14,29.31,6.99,6.0,0.01,19.06,12.25,97.7,1.93,5,0
2023-06-15,27.01,7.0,7.65,0.8,20.69,35.18,77.3,1.57,3,0
2023-06-16,33.0,8.3,2.47,2.62,65.9,80.43,32.3,0.88,36,1
2023-06-17,29.49,6.5,8.04,0.5,25.54,16.5,71.8,2.25,3,0
2023-06-18,27.05,6.67,8.01,0.55,30.15,28.75,84.1,1.22,6,0
2023-06-19,25.23,6.86,8.43,0.18,8.87,48.16,71.3,1.86,3,0
2023-06-20,29.39,7.03,9.27,0.24,21.83,45.07,85.7,1.39,2,0
2023-06-21,25.82,6.87,6.99,0.01,15.52,33.6,73.2,1.09,8,0
2023-06-22,23.33,6.98,8.08,0.2,14.86,35.34,84.7,1.66,1,0
2023-06-23,32.86,8.32,3.18,3.34,57.75,66.73,31.2,0.4,37,1
2023-06-24,26.11,7.02,6.77,0.23,15.68,45.77,81.3,1.45,2,0
2023-06-25,23.77,7.01,7.77,0.23,32.72,19.44,85.4,1.76,2,0
2023-06-26,20.94,8.23,2.89,2.39,54.72,85.81,35.5,0.64,26,1
2023-06-27,19.46,8.34,3.97,2.74,53.91,78.8,47.6,0.75,26,1
2023-06-28,29.12,6.54,5.8,0.69,23.23,19.77,65.0,1.69,1,0
2023-06-29,32.04,5.65,2.14,3.95,52.32,60.64,50.9,0.9,15,1
2023-06-30,24.9,7.23,8.25,0.8,21.7,32.86,75.2,1.98,3,0
2023-07-01,32.46,5.57,3.2,2.86,52.33,71.78,34.0,0.34,21,1
2023-07-02,20.72,6.05,3.18,3.12,85.74,63.73,55.5,0.75,27,1
2023-07-03,33.0,8.48,3.44,3.95,56.29,87.83,36.0,0.4,30,1
2023-07-04,32.45,5.79,3.71,2.58,82.12,91.49,48.7,0.62,24,1
2023-07-05,24.36,6.64,5.5,0.23,7.0,19.16,65.0,2.13,5,0
2023-07-06,27.5,7.3,6.75,0.07,26.42,29.76,88.9,1.58,5,0
2023-07-07,26.33,7.42,6.79,0.01,22.95,32.62,92.2,2.17,5,0
2023-07-08,25.24,6.87,8.47,0.03,32.56,41.6,100.0,1.52,1,0
2023-07-09,21.1,8.5,2.47,3.93,64.95,70.9,36.8,0.66,24,1
2023-07-10,19.05,8.23,3.34,4.22,65.59,72.14,52.1,0.57,20,1
2023-07-11,21.33,8.33,2.78,3.73,62.49,67.7,36.4,0.61,26,1
2023-07-12,28.24,6.92,5.84,0.03,34.91,30.09,78.2,1.74,4,0
2023-07-13,31.87,8.41,3.31,2.54,68.03,79.59,34.7,0.41,38,1
2023-07-14,20.59,6.02,4.45,3.94,89.01,74.28,46.6,0.45,32,1
2023-07-15,24.49,7.15,5.67,0.03,12.3,38.89,92.1,1.77,3,0
2023-07-16,26.01,7.1,5.62,0.16,31.78,42.7,72.6,1.46,4,0
2023-07-17,22.47,6.84,8.96,0.48,17.76,10.9,84.7,1.79,5,0
2023-07-18,29.51,5.92,2.69,2.94,79.31,89.04,36.2,0.31,30,1
2023-07-19,32.34,5.98,3.43,3.93,68.2,86.98,42.7,0.51,31,1
2023-07-20,22.37,7.06,6.37,0.08,16.68,21.55,98.4,1.43,6,0
2023-07-21,18.39,6.18,2.84,3.7,54.8,62.63,51.8,0.6,20,1
2023-07-22,23.71,6.98,7.04,0.49,33.86,41.6,78.4,1.77,6,0
2023-07-23,28.28,7.08,8.6,0.35,6.55,36.8,86.0,1.54,4,0
2023-07-24,24.86,6.95,9.5,0.41,6.65,28.21,81.4,2.36,6,0
2023-07-25,25.89,7.4,7.98,0.23,24.85,39.51,65.0,1.92,4,0
2023-07-26,18.72,8.31,2.22,1.13,71.59,80.33,38.2,0.54,39,1
2023-07-27,28.15,6.84,6.87,0.13,13.62,21.85,82.2,1.12,4,0
2023-07-28,22.7,7.69,6.5,0.05,34.74,19.27,86.7,1.85,3,0
2023-07-29,32.21,6.14,4.21,4.25,94.77,66.09,41.9,0.75,39,1
2023-07-30,24.88,7.28,9.5,0.01,31.85,44.41,91.8,1.03,2,0
2023-07-31,23.27,6.98,7.22,0.8,27.06,21.26,82.6,1.73,5,0
2023-08-01,26.81,7.01,9.5,0.24,30.93,39.36,93.2,2.03,2,0
2023-08-02,25.1,7.1,6.56,0.06,31.45,48.45,95.4,1.67,0,0
2023-08-03,25.4,6.95,6.28,0.06,7.52,23.06,93.6,1.4,1,0
2023-08-04,25.22,6.88,6.49,0.01,17.97,43.6,73.1,1.58,5,0
2023-08-05,24.41,7.55,6.62,0.31,22.83,25.34,100.0,2.04,1,0
2023-08-06,18.73,5.86,4.06,2.04,87.8,87.05,36.9,0.38,12,1
2023-08-07,23.91,6.93,5.78,0.8,17.59,35.54,69.7,1.49,4,0
2023-08-08,19.4,8.36,2.46,4.04,84.95,86.98,55.3,0.76,12,1
2023-08-09,25.8,6.92,9.5,0.09,21.75,19.02,100.0,1.83,4,0
2023-08-10,22.75,6.72,9.5,0.8,26.66,36.28,87.6,1.84,2,0
2023-08-11,24.69,6.89,6.59,0.45,33.24,12.9,73.5,2.01,3,0
2023-08-12,24.87,7.19,6.03,0.52,6.24,36.82,87.1,1.96,8,0
2023-08-13,27.66,7.35,7.35,0.01,9.92,27.54,100.0,1.9,7,0
2023-08-14,18.0,5.68,3.23,1.29,68.15,67.72,42.6,0.42,16,1
2023-08-15,27.61,7.12,8.47,0.41,17.76,23.84,69.4,2.3,7,0
2023-08-16,19.08,8.43,4.27,1.63,60.69,94.0,35.4,0.81,22,1
2023-08-17,24.16,6.75,9.5,0.33,7.86,36.08,100.0,1.44,1,0
2023-08-18,21.54,6.51,9.5,0.08,12.04,45.35,65.8,1.5,4,0
2023-08-19,23.03,6.61,9.5,0.13,21.01,41.27,68.9,1.56,3,0
2023-08-20,27.49,6.9,6.82,0.02,24.2,18.99,86.9,1.43,4,0
2023-08-21,24.61,7.12,7.72,0.13,20.97,15.03,68.3,1.72,3,0
2023-08-22,20.3,8.48,2.04,1.85,87.39,90.26,53.1,0.37,34,1
2023-08-23,24.67,6.68,8.5,0.32,16.82,36.05,88.0,1.47,4,0
2023-08-24,27.41,7.14,7.13,0.12,25.03,42.31,94.6,1.92,4,0
2023-08-25,25.66,6.62,5.5,0.36,16.66,27.95,78.6,1.3,1,0
2023-08-26,26.55,7.46,5.5,0.6,20.57,29.17,78.2,1.28,7,0
2023-08-27,30.94,6.26,2.15,4.27,65.82,63.55,44.6,0.45,29,1
2023-08-28,21.33,7.02,8.65,0.26,7.69,38.71,88.2,1.68,5,0
2023-08-29,29.05,6.27,4.04,2.31,73.69,63.93,30.1,0.68,30,1
2023-08-30,22.89,6.8,5.5,0.55,32.0,24.14,100.0,1.92,4,0
2023-08-31,22.87,7.67,5.64,0.06,27.11,44.51,83.1,1.66,1,0
2023-09-01,21.26,7.08,9.5,0.21,34.63,15.46,68.1,1.46,5,0
2023-09-02,27.24,6.51,8.35,0.02,7.57,45.77,79.2,1.4,2,0
2023-09-03,24.69,6.53,8.0,0.23,14.73,23.32,93.3,1.91,3,0
2023-09-04,27.21,7.16,6.12,0.07,21.07,13.87,100.0,1.61,5,0
2023-09-05,31.9,8.4,3.56,1.31,83.99,64.47,54.8,0.77,11,1
2023-09-06,18.0,5.79,2.6,2.78,87.14,69.79,58.3,0.82,15,1
2023-09-07,24.67,7.0,6.92,0.8,8.49,42.7,89.6,1.98,4,0
2023-09-08,23.57,7.16,6.15,0.13,34.27,35.64,82.7,1.76,6,0
2023-09-09,23.4,6.7,8.26,0.17,14.35,30.25,85.5,1.42,4,0
2023-09-10,29.97,5.89,3.74,4.44,60.76,64.98,33.6,0.48,28,1
2023-09-11,30.59,6.3,2.55,1.61,79.51,89.68,51.7,0.78,39,1
2023-09-12,23.82,7.11,5.5,0.2,10.31,25.48,82.7,1.39,5,0
2023-09-13,21.7,7.15,5.5,0.31,19.98,20.64,77.4,1.58,6,0
2023-09-14,31.85,8.28,4.33,1.89,85.15,88.88,44.9,0.53,31,1
2023-09-15,25.18,6.81,7.75,0.22,9.51,39.5,100.0,1.74,1,0
2023-09-16,22.46,7.39,6.03,0.45,24.84,17.41,71.7,2.06,1,0
2023-09-17,29.24,5.68,2.51,1.42,77.68,87.11,49.3,0.62,39,1
2023-09-18,25.49,6.77,6.94,0.19,8.42,29.44,85.4,1.95,2,0
2023-09-19,28.42,5.85,2.41,1.96,91.77,83.66,44.9,0.31,30,1
2023-09-20,19.3,5.71,3.89,2.61,87.89,85.5,53.3,0.69,20,1
2023-09-21,22.37,7.27,9.5,0.03,25.56,13.67,88.0,1.7,3,0
2023-09-22,25.1,6.74,7.87,0.05,7.81,33.09,83.2,2.01,5,0
2023-09-23,19.54,5.94,3.54,3.41,66.89,78.85,45.7,0.81,35,1
2023-09-24,28.82,8.4,2.37,2.07,89.45,94.87,41.0,0.57,29,1
2023-09-25,23.09,6.89,6.91,0.15,17.07,44.97,80.9,2.24,2,0
2023-09-26,18.0,5.72,3.59,1.52,81.29,86.11,59.5,0.43,13,1
2023-09-27,24.17,6.66,7.21,0.12,18.02,13.54,89.8,1.29,7,0
2023-09-28,23.26,7.33,9.5,0.06,15.87,23.38,100.0,1.54,4,0
2023-09-29,25.54,6.89,8.1,0.49,18.75,29.32,84.7,2.23,5,0
2023-09-30,24.71,7.04,6.04,0.09,32.19,19.98,76.1,1.97,3,0
2023-10-01,18.0,5.78,2.87,4.15,50.98,83.23,58.9,0.64,16,1
2023-10-02,22.39,7.15,8.33,0.29,19.83,49.18,89.5,1.49,4,0
2023-10-03,18.0,5.7,3.36,4.43,60.23,74.14,46.3,0.78,26,1
2023-10-04,23.84,6.75,5.6,0.8,30.5,36.76,84.4,1.0,3,0
2023-10-05,21.99,6.81,7.41,0.46,11.04,20.34,80.2,1.41,6,0
2023-10-06,25.77,6.98,7.23,0.03,24.7,42.88,100.0,2.09,5,0
2023-10-07,22.88,6.87,9.42,0.74,20.99,16.32,94.8,1.9,5,0
2023-10-08,31.59,8.29,3.54,1.29,89.71,88.13,45.2,0.88,22,1
2023-10-09,26.32,7.43,5.72,0.01,21.79,31.1,82.4,1.87,2,0
2023-10-10,24.68,7.05,9.48,0.37,14.43,28.85,83.3,2.09,4,0
2023-10-11,22.9,6.88,6.51,0.41,24.53,34.84,65.0,2.0,5,0
2023-10-12,23.17,6.88,8.29,0.54,13.38,35.72,86.3,2.28,2,0
2023-10-13,25.07,7.05,8.03,0.47,24.95,20.41,89.9,1.78,3,0
2023-10-14,25.35,6.5,8.77,0.8,8.32,26.9,82.8,1.83,5,0
2023-10-15,22.19,7.33,6.7,0.62,8.38,38.15,93.1,1.43,1,0
2023-10-16,24.25,7.24,5.5,0.11,14.0,39.73,89.3,1.97,3,0
2023-10-17,19.26,5.71,3.3,1.22,87.41,80.96,33.4,0.36,38,1
2023-10-18,28.35,5.96,2.21,4.19,70.9,64.81,40.2,0.4,31,1
2023-10-19,26.54,7.52,5.98,0.22,8.13,25.38,92.8,2.35,5,0
2023-10-20,30.0,8.27,4.43,2.16,71.69,66.86,48.3,0.47,33,1
2023-10-21,23.77,7.35,7.68,0.02,30.0,43.76,81.9,1.16,3,0
2023-10-22,19.4,5.59,3.44,1.1,80.39,61.57,43.5,0.86,22,1
2023-10-23,21.14,6.52,7.9,0.28,14.28,42.95,90.1,1.74,3,0
2023-10-24,22.93,6.94,6.02,0.42,7.13,13.21,90.1,1.65,4,0
2023-10-25,24.59,7.23,8.07,0.04,32.07,12.66,91.4,1.36,0,0
2023-10-26,24.4,6.96,5.5,0.26,6.31,14.92,65.4,1.92,7,0
2023-10-27,26.99,6.92,7.93,0.75,17.93,22.75,87.6,1.15,4,0
2023-10-28,26.56,6.71,6.85,0.01,24.37,35.48,79.4,1.64,5,0
2023-10-29,27.23,6.86,7.43,0.01,20.16,48.56,73.5,1.57,1,0
2023-10-30,18.0,8.24,2.29,4.35,64.13,91.09,48.1,0.8,26,1
2023-10-31,18.69,8.3,4.45,2.67,73.95,65.89,37.4,0.8,12,1
2023-11-01,24.06,6.76,6.57,0.02,15.27,20.81,85.6,1.85,3,0
2023-11-02,21.3,6.91,9.15,0.29,11.04,25.81,100.0,1.69,7,0
2023-11-03,23.18,7.08,6.99,0.1,31.31,47.76,83.8,1.35,6,0
2023-11-04,24.82,6.5,9.5,0.6,34.42,26.3,82.3,1.86,3,0
2023-11-05,25.65,7.35,7.19,0.67,6.87,45.34,90.9,1.0,2,0
2023-11-06,26.63,7.28,6.34,0.11,15.76,42.18,89.1,1.43,1,0
2023-11-07,23.03,7.29,8.27,0.1,5.43,39.51,90.2,1.91,7,0
2023-11-08,24.09,6.78,6.49,0.13,8.33,42.33,83.6,1.71,2,0
2023-11-09,25.66,6.95,7.62,0.02,17.09,21.81,77.3,1.42,6,0
2023-11-10,24.58,7.08,9.5,0.04,31.66,30.12,71.9,2.36,3,0
2023-11-11,21.9,7.14,8.26,0.24,20.61,15.72,77.6,1.97,3,0
2023-11-12,19.5,8.43,2.69,3.47,52.82,89.38,30.1,0.45,34,1
2023-11-13,20.25,8.45,3.43,4.18,92.43,74.78,41.3,0.86,28,1
2023-11-14,19.3,6.24,2.01,1.58,82.09,83.32,59.0,0.76,26,1
2023-11-15,27.58,6.88,5.5,0.6,19.28,14.44,84.7,2.08,0,0
2023-11-16,25.86,7.07,5.51,0.16,26.59,24.85,88.9,1.89,3,0
2023-11-17,24.9,6.9,9.5,0.03,6.29,36.67,75.1,1.85,3,0
2023-11-18,25.83,7.15,8.72,0.8,5.94,39.45,91.6,1.62,3,0
2023-11-19,24.14,7.47,6.2,0.04,30.71,33.01,77.8,1.64,3,0
2023-11-20,23.32,6.75,8.6,0.31,22.12,32.72,90.9,2.3,6,0
2023-11-21,20.33,5.7,2.15,3.35,76.2,94.66,37.2,0.62,29,1
2023-11-22,22.24,6.82,6.94,0.29,28.44,33.13,81.8,1.8,4,0
2023-11-23,24.04,6.92,5.5,0.66,26.23,12.49,76.6,2.33,3,0
2023-11-24,23.75,7.07,8.76,0.18,21.4,27.31,78.8,1.27,5,0
2023-11-25,24.31,7.01,8.0,0.09,18.11,33.74,86.9,1.5,8,0
2023-11-26,22.94,7.25,9.5,0.05,21.95,40.87,96.8,1.61,0,0
2023-11-27,24.89,6.62,8.41,0.12,30.44,39.15,83.5,1.44,1,0
2023-11-28,24.21,6.81,8.62,0.8,6.35,40.44,83.2,1.3,7,0
2023-11-29,21.95,6.64,8.6,0.06,32.55,14.07,69.7,1.71,1,0
2023-11-30,20.45,8.42,3.45,2.81,84.14,69.89,40.6,0.84,16,1
2023-12-01,27.85,6.84,5.5,0.09,13.87,33.75,87.1,1.73,4,0
2023-12-02,24.41,6.8,9.32,0.52,20.47,28.53,83.3,1.9,3,0
2023-12-03,23.34,7.19,8.99,0.02,10.73,22.4,83.4,1.94,6,0
2023-12-04,33.0,6.29,3.36,1.52,67.13,74.51,52.6,0.31,11,1
2023-12-05,27.81,7.17,7.66,0.01,12.96,34.06,95.5,1.4,4,0
2023-12-06,26.23,7.27,7.02,0.76,25.84,39.16,100.0,1.57,3,0
2023-12-07,26.55,7.13,8.67,0.39,21.86,47.88,65.0,1.68,4,0
2023-12-08,25.11,7.14,8.66,0.51,21.39,48.68,75.0,1.7,6,0
2023-12-09,23.94,6.86,6.21,0.1,31.14,36.91,78.5,1.93,4,0
2023-12-10,25.43,6.81,6.0,0.13,23.64,23.36,74.0,1.51,2,0
2023-12-11,28.32,6.67,9.35,0.02,16.22,47.78,98.9,2.04,4,0
2023-12-12,18.46,8.34,2.45,4.4,55.1,74.13,52.1,0.72,18,1
2023-12-13,19.47,8.34,3.58,2.92,81.04,65.04,47.9,0.4,24,1
2023-12-14,24.33,6.92,9.5,0.31,13.02,10.6,98.4,2.06,6,0
2023-12-15,32.4,8.43,3.75,3.38,68.37,60.54,47.5,0.45,13,1
2023-12-16,27.52,7.22,6.16,0.29,27.18,18.59,84.7,2.33,3,0
2023-12-17,26.04,7.09,5.5,0.8,11.88,31.88,90.8,2.07,3,0
2023-12-18,27.63,6.98,7.14,0.01,7.31,46.45,75.3,1.14,4,0
2023-12-19,25.32,6.5,8.88,0.15,20.41,20.13,78.1,1.58,6,0
2023-12-20,28.56,7.3,7.14,0.3,30.01,29.98,73.5,1.73,5,0
2023-12-21,24.05,6.5,8.97,0.01,17.26,46.96,74.9,1.71,7,0
2023-12-22,23.68,7.56,5.5,0.09,27.28,13.07,86.1,1.74,5,0
2023-12-23,33.0,8.35,3.3,3.78,89.8,72.07,43.9,0.55,31,1
2023-12-24,31.4,6.06,3.07,3.59,88.83,78.62,53.7,0.48,31,1
2023-12-25,30.46,6.21,2.26,1.78,73.37,81.27,37.4,0.33,31,1
2023-12-26,32.83,5.99,3.88,4.05,80.55,74.42,52.6,0.42,11,1
2023-12-27,26.52,7.28,5.98,0.28,8.52,23.49,85.9,1.83,3,0
2023-12-28,24.28,6.91,7.42,0.47,7.07,28.97,100.0,1.99,2,0
2023-12-29,28.42,7.04,8.04,0.2,15.01,41.66,88.4,1.3,4,0
2023-12-30,25.56,6.99,7.59,0.02,31.32,25.58,90.0,1.71,2,0
2023-12-31,25.41,7.4,5.88,0.13,16.18,12.75,78.1,1.52,3,0
2024-01-01,31.97,8.23,3.37,1.23,84.49,80.43,53.5,0.75,16,1
2024-01-02,23.07,7.2,6.12,0.15,24.87,23.88,74.0,1.59,7,0
2024-01-03,24.49,7.45,5.62,0.27,30.85,44.75,88.5,1.98,4,0
2024-01-04,27.86,7.47,5.5,0.23,24.1,39.93,86.6,1.24,5,0
2024-01-05,25.86,7.39,8.61,0.05,11.52,28.56,93.2,1.53,7,0
2024-01-06,23.21,7.57,6.42,0.03,27.44,42.51,100.0,1.35,6,0
2024-01-07,19.49,8.39,2.77,1.46,73.02,60.19,58.2,0.55,38,1
2024-01-08,26.56,7.01,6.97,0.37,16.68,19.16,100.0,1.91,7,0
2024-01-09,26.63,6.82,7.69,0.18,25.24,37.1,90.6,1.65,5,0
2024-01-10,20.89,8.21,3.67,3.93,57.64,60.67,53.4,0.67,20,1
2024-01-11,29.38,6.86,7.86,0.8,31.45,33.38,92.2,1.83,2,0
2024-01-12,28.49,6.89,7.77,0.08,32.47,34.65,93.1,1.38,7,0
2024-01-13,19.31,6.28,3.94,1.45,65.64,75.24,41.9,0.7,19,1
2024-01-14,26.07,6.78,7.23,0.09,8.03,16.7,69.5,1.19,3,0
2024-01-15,19.54,8.49,4.02,1.51,65.42,90.26,34.6,0.35,11,1
2024-01-16,25.62,7.26,9.5,0.05,19.35,41.22,74.2,1.36,0,0
2024-01-17,22.08,8.45,2.7,2.27,58.58,72.15,46.4,0.9,26,1
2024-01-18,27.4,6.5,7.08,0.07,19.68,39.67,93.5,1.0,5,0
2024-01-19,23.7,6.93,7.05,0.8,10.26,32.71,81.5,2.5,5,0
2024-01-20,25.5,6.75,6.59,0.52,13.57,47.08,79.6,1.72,3,0
2024-01-21,20.93,5.77,2.55,1.76,89.33,68.74,37.9,0.3,19,1
2024-01-22,27.63,7.41,8.53,0.05,18.75,24.05,84.7,1.43,2,0
2024-01-23,19.72,5.51,2.39,2.71,69.35,80.89,60.0,0.76,38,1
2024-01-24,29.8,6.92,5.67,0.33,19.05,40.94,91.5,1.79,7,0
2024-01-25,25.02,7.04,7.63,0.06,32.67,37.82,72.5,1.84,3,0
2024-01-26,27.27,7.06,7.2,0.11,27.48,27.24,91.3,1.63,3,0
2024-01-27,33.0,8.3,3.55,3.1,72.78,72.26,57.4,0.5,22,1
2024-01-28,21.79,8.44,2.85,1.28,69.93,69.14,40.3,0.8,21,1
2024-01-29,33.0,8.27,3.49,1.53,93.56,75.64,45.0,0.45,39,1
2024-01-30,33.0,5.96,2.29,4.3,85.29,76.18,55.9,0.45,24,1
2024-01-31,26.08,6.92,8.39,0.35,13.15,17.62,79.7,1.38,4,0
2024-02-01,32.25,8.39,2.29,2.91,90.61,72.04,52.0,0.7,27,1
2024-02-02,33.0,6.22,4.36,1.29,61.43,87.3,33.0,0.35,14,1
2024-02-03,23.03,8.44,2.08,3.31,73.95,63.61,35.2,0.64,38,1
2024-02-04,20.83,6.28,2.36,1.4,51.23,78.33,36.5,0.89,10,1
2024-02-05,21.47,6.1,2.88,2.27,86.26,71.49,36.3,0.35,26,1
2024-02-06,27.46,7.25,7.05,0.26,27.86,41.26,82.3,1.44,0,0
2024-02-07,25.9,6.96,6.36,0.28,33.11,22.47,92.6,1.33,5,0
2024-02-08,29.31,7.4,8.61,0.8,6.4,22.79,74.1,1.97,6,0
2024-02-09,31.39,8.33,3.3,3.49,54.31,71.12,59.1,0.46,16,1
2024-02-10,22.84,8.29,3.01,3.63,73.91,83.71,42.9,0.74,20,1
2024-02-11,27.04,7.08,6.94,0.21,18.01,19.98,67.8,1.81,7,0
2024-02-12,33.0,8.48,2.96,3.17,70.45,87.31,59.9,0.41,23,1
2024-02-13,28.26,6.65,6.43,0.24,17.52,16.41,74.7,1.61,4,0
2024-02-14,33.0,5.56,4.09,4.41,56.1,68.1,56.1,0.86,19,1
2024-02-15,25.0,6.88,5.5,0.01,30.74,39.25,74.0,1.46,3,0
2024-02-16,33.0,8.31,2.49,1.33,68.47,65.72,36.7,0.49,13,1
2024-02-17,24.47,6.82,8.52,0.02,19.78,27.68,77.2,1.39,5,0
2024-02-18,32.94,8.25,2.09,2.37,81.37,66.77,49.2,0.46,31,1
2024-02-19,24.52,6.78,6.95,0.04,24.44,45.0,80.6,1.81,2,0
2024-02-20,25.87,7.02,7.42,0.21,8.52,16.76,80.3,2.07,8,0
2024-02-21,26.16,6.98,6.93,0.1,8.88,13.98,90.6,2.43,3,0
2024-02-22,28.91,7.19,7.93,0.02,13.63,13.73,100.0,1.4,1,0
2024-02-23,26.91,7.35,5.6,0.32,12.53,36.02,81.4,1.62,3,0
2024-02-24,25.62,6.93,7.62,0.49,30.26,29.31,82.0,1.91,7,0
2024-02-25,21.09,8.3,4.16,1.53,88.32,94.7,51.8,0.77,38,1
2024-02-26,29.88,7.19,9.09,0.34,33.38,21.83,91.5,1.36,2,0
2024-02-27,30.01,6.63,5.5,0.04,7.83,43.26,92.1,1.77,4,0
2024-02-28,22.55,8.23,4.13,4.35,75.46,78.01,32.6,0.63,31,1
2024-02-29,29.01,6.87,5.5,0.04,7.43,43.19,84.3,1.8,1,0
2024-03-01,24.73,6.88,5.5,0.2,30.79,33.69,82.4,1.4,4,0
2024-03-02,30.59,7.04,7.24,0.34,28.02,22.3,99.4,1.69,3,0
2024-03-03,20.96,5.57,4.44,2.66,53.0,61.68,38.9,0.86,11,1
2024-03-04,25.6,7.25,8.87,0.68,29.3,33.33,69.5,1.46,5,0
2024-03-05,30.53,6.69,9.35,0.34,16.88,40.25,65.0,1.35,3,0
2024-03-06,26.63,6.95,7.62,0.05,24.74,49.91,65.0,1.08,3,0
2024-03-07,26.46,6.79,9.5,0.31,6.84,42.55,86.7,1.85,5,0
2024-03-08,27.28,6.71,8.26,0.07,6.76,32.09,77.7,2.0,4,0
2024-03-09,28.37,6.94,8.71,0.11,9.3,16.06,100.0,1.28,5,0
2024-03-10,30.06,7.13,6.44,0.8,8.73,45.01,94.0,1.83,6,0
2024-03-11,24.88,6.8,6.9,0.17,24.32,25.24,86.3,1.52,4,0
2024-03-12,28.54,7.36,9.21,0.24,29.78,35.26,79.4,1.84,5,0
2024-03-13,30.59,7.42,8.33,0.22,11.8,36.66,83.9,1.46,2,0
2024-03-14,27.66,6.83,5.5,0.14,30.17,15.81,100.0,1.48,4,0
2024-03-15,27.94,7.63,8.39,0.01,33.38,43.69,80.5,1.63,2,0
2024-03-16,26.5,6.61,8.97,0.02,5.13,36.82,65.0,1.37,2,0
2024-03-17,30.94,7.03,8.26,0.39,14.46,25.73,81.7,1.64,6,0
2024-03-18,21.35,8.41,4.08,1.79,67.97,74.34,59.3,0.41,31,1
2024-03-19,33.0,5.96,2.17,1.63,93.07,91.15,49.6,0.58,15,1
2024-03-20,28.28,7.0,8.1,0.15,8.99,16.35,76.7,1.53,5,0
2024-03-21,21.86,5.68,2.06,2.24,85.11,79.74,37.8,0.72,22,1
2024-03-22,25.63,7.02,5.5,0.04,18.22,22.69,75.7,1.87,4,0
2024-03-23,26.64,7.03,6.17,0.09,24.26,21.02,81.7,1.38,5,0
2024-03-24,32.64,8.27,3.09,3.08,76.53,62.36,54.9,0.41,19,1
2024-03-25,27.96,7.18,9.5,0.01,15.81,34.19,95.0,1.61,3,0
2024-03-26,29.97,7.38,7.77,0.51,5.57,39.44,86.4,1.58,2,0
2024-03-27,33.0,8.35,2.89,4.19,51.81,77.93,50.4,0.86,16,1
2024-03-28,27.37,7.17,7.78,0.11,28.46,40.63,75.1,1.61,5,0
2024-03-29,30.58,7.23,6.75,0.09,10.96,41.34,70.8,1.63,6,0
2024-03-30,32.44,5.57,4.19,2.06,88.64,90.0,52.9,0.39,33,1
2024-03-31,23.41,8.39,2.61,2.07,52.87,66.2,30.2,0.57,25,1
2024-04-01,29.49,7.36,8.66,0.5,33.37,22.52,95.3,1.96,4,0
2024-04-02,30.38,6.97,5.82,0.54,21.47,17.57,81.1,1.73,5,0
2024-04-03,31.0,7.37,9.09,0.14,31.38,39.01,82.8,1.42,4,0
2024-04-04,20.99,5.61,2.35,1.04,74.49,94.15,41.1,0.51,34,1
2024-04-05,20.66,8.35,2.16,2.39,71.33,75.79,56.1,0.62,29,1
2024-04-06,26.75,7.17,8.25,0.16,18.74,20.27,95.7,1.73,6,0
2024-04-07,21.66,8.35,3.86,1.59,55.42,62.37,51.7,0.86,10,1
2024-04-08,30.98,6.68,6.31,0.02,27.32,38.44,92.7,1.45,3,0
2024-04-09,32.3,5.77,4.04,4.07,84.79,83.51,31.0,0.62,13,1
2024-04-10,28.62,7.0,6.28,0.23,34.76,44.3,93.2,1.79,1,0
2024-04-11,26.84,7.2,6.67,0.12,29.83,10.02,74.4,1.46,1,0
2024-04-12,22.18,5.79,4.26,2.73,64.86,63.74,58.6,0.34,32,1
2024-04-13,30.2,6.64,6.02,0.12,5.62,40.44,94.9,2.21,3,0
2024-04-14,23.29,8.47,3.51,2.76,89.53,93.34,52.6,0.57,28,1
2024-04-15,27.6,6.93,5.5,0.53,24.64,26.45,77.1,1.8,3,0
2024-04-16,26.57,6.75,8.7,0.04,26.18,30.15,89.5,1.71,7,0
2024-04-17,30.5,7.16,8.84,0.77,29.61,32.47,90.4,1.77,7,0
2024-04-18,28.18,7.21,9.5,0.37,10.79,28.85,86.6,1.01,3,0
2024-04-19,22.2,8.27,2.51,2.91,59.32,79.04,36.9,0.81,34,1
2024-04-20,23.13,8.49,3.79,1.84,69.97,69.88,32.4,0.83,19,1
2024-04-21,23.54,8.23,4.38,3.58,76.88,90.83,31.5,0.45,24,1
2024-04-22,32.21,8.3,3.56,3.9,58.57,92.1,46.6,0.48,21,1
2024-04-23,26.81,6.76,5.5,0.57,15.9,41.76,86.6,1.87,4,0
2024-04-24,26.73,7.58,6.39,0.3,10.59,39.97,97.9,1.28,5,0
2024-04-25,28.26,6.73,5.5,0.68,20.75,38.29,81.5,1.22,2,0
2024-04-26,23.72,8.24,2.38,3.55,77.01,85.59,53.1,0.89,25,1
2024-04-27,27.84,7.22,5.51,0.03,30.26,34.57,84.9,1.39,4,0
2024-04-28,26.62,6.65,8.89,0.53,27.2,41.56,86.6,1.15,7,0
2024-04-29,33.0,8.24,4.03,2.69,52.58,66.11,51.2,0.73,34,1
2024-04-30,28.45,7.06,8.26,0.06,25.0,34.94,99.5,1.63,3,0
2024-05-01,30.73,7.58,6.34,0.17,13.3,32.33,90.5,1.64,4,0
2024-05-02,28.9,6.93,7.54,0.4,19.55,13.42,82.3,1.71,4,0
2024-05-03,23.04,8.45,2.15,3.02,55.36,61.28,31.6,0.8,38,1
2024-05-04,28.62,7.2,7.61,0.09,8.02,25.73,95.0,1.8,5,0
2024-05-05,29.07,7.8,7.72,0.57,25.56,21.6,66.7,1.51,1,0
2024-05-06,25.98,6.63,7.76,0.02,14.52,18.81,75.5,1.71,6,0
2024-05-07,26.78,7.28,6.81,0.23,10.76,38.77,89.1,1.43,6,0
2024-05-08,25.32,7.2,6.02,0.8,34.87,28.01,81.3,1.22,7,0
2024-05-09,21.1,8.36,3.59,3.17,55.43,94.19,35.6,0.57,22,1
2024-05-10,28.67,6.95,6.13,0.36,27.96,47.18,72.8,1.88,2,0
2024-05-11,33.0,5.54,2.94,3.81,69.55,90.43,35.4,0.87,34,1
2024-05-12,26.33,6.82,9.5,0.28,18.34,39.69,82.6,1.13,3,0
2024-05-13,30.48,7.3,9.5,0.16,20.14,10.29,78.2,2.02,1,0
2024-05-14,30.0,7.02,5.5,0.72,26.52,33.28,88.8,1.79,5,0
2024-05-15,25.9,6.99,5.5,0.63,11.12,43.06,98.2,1.51,5,0
2024-05-16,32.6,6.28,2.42,2.16,92.3,72.01,59.6,0.59,22,1
2024-05-17,21.19,8.22,2.31,4.36,78.62,86.81,32.4,0.33,35,1
2024-05-18,33.0,8.29,2.03,3.67,90.2,75.15,46.1,0.59,19,1
2024-05-19,27.5,7.02,7.63,0.2,33.36,12.29,94.7,1.74,6,0
2024-05-20,25.22,6.5,6.26,0.02,7.23,14.61,98.3,1.68,5,0
2024-05-21,29.47,7.21,9.5,0.28,33.27,41.53,85.3,1.57,7,0
2024-05-22,31.49,5.98,2.26,2.03,54.08,83.38,34.0,0.81,20,1
2024-05-23,32.62,8.21,3.99,3.02,65.39,88.35,37.1,0.43,10,1
2024-05-24,19.78,8.33,2.2,3.47,79.45,90.54,37.3,0.57,39,1
2024-05-25,25.22,6.91,8.31,0.38,8.73,33.98,69.3,1.94,5,0
2024-05-26,19.63,5.54,3.87,1.17,92.68,84.89,30.2,0.76,16,1
2024-05-27,30.12,7.63,5.5,0.8,12.25,37.25,92.6,2.16,2,0
2024-05-28,25.44,7.2,7.29,0.07,9.01,48.13,97.1,2.06,3,0
2024-05-29,20.71,8.24,4.44,4.34,86.01,68.46,32.0,0.49,33,1
2024-05-30,24.03,7.15,8.08,0.56,15.79,37.49,81.0,1.65,1,0
2024-05-31,29.44,6.68,6.36,0.5,13.82,27.85,95.4,1.98,5,0
2024-06-01,29.17,6.5,8.25,0.19,15.01,33.17,86.7,1.99,2,0
2024-06-02,20.91,8.4,2.65,2.62,56.0,92.47,56.0,0.72,36,1
2024-06-03,28.12,6.91,6.05,0.01,19.99,40.59,100.0,1.94,2,0
2024-06-04,25.65,6.5,7.49,0.09,17.96,49.96,82.2,1.64,6,0
2024-06-05,33.0,8.21,3.11,4.15,56.01,73.53,54.6,0.88,35,1
2024-06-06,28.25,7.04,7.17,0.17,18.92,41.56,87.4,2.2,2,0
2024-06-07,29.0,7.08,6.58,0.63,20.43,31.57,93.4,1.47,3,0
2024-06-08,21.13,5.84,4.37,1.96,67.91,92.6,40.1,0.85,12,1
2024-06-09,29.46,6.67,9.38,0.09,14.47,15.01,94.5,1.6,5,0
2024-06-10,26.91,6.83,8.54,0.16,30.17,45.08,88.1,1.23,2,0
2024-06-11,26.23,7.35,8.4,0.03,27.7,33.3,65.0,1.55,1,0
2024-06-12,25.63,7.03,6.61,0.51,14.8,23.98,69.5,1.9,2,0
2024-06-13,28.28,7.35,6.63,0.04,8.9,37.05,73.4,1.36,5,0
2024-06-14,27.49,6.86,8.63,0.31,14.42,48.32,85.8,1.56,3,0
2024-06-15,27.37,6.83,8.82,0.05,24.38,19.32,85.0,1.84,6,0
2024-06-16,19.91,5.87,4.24,1.36,79.55,91.74,35.1,0.88,27,1
2024-06-17,24.69,7.03,5.5,0.19,7.13,42.73,93.3,1.15,3,0
2024-06-18,27.87,7.15,6.22,0.08,9.95,14.98,85.9,1.32,1,0
2024-06-19,18.8,6.21,3.06,2.2,58.25,60.24,44.0,0.71,35,1
2024-06-20,25.1,7.22,6.54,0.03,28.42,46.41,100.0,1.29,6,0
2024-06-21,24.55,7.26,7.31,0.73,24.0,38.84,82.6,1.96,1,0
2024-06-22,24.36,7.08,7.04,0.08,24.57,26.21,76.0,1.77,0,0
2024-06-23,27.84,6.83,8.78,0.8,32.47,30.12,72.7,1.58,4,0
2024-06-24,31.74,5.57,3.57,2.46,57.49,94.52,54.6,0.47,38,1
2024-06-25,20.82,8.35,3.21,1.22,77.5,94.43,40.8,0.75,39,1
2024-06-26,19.6,8.39,3.08,3.79,76.79,91.03,42.3,0.66,16,1
2024-06-27,26.76,7.11,5.94,0.01,24.31,21.09,65.0,1.5,4,0
2024-06-28,23.63,7.39,7.73,0.17,20.75,17.99,90.2,1.95,4,0
2024-06-29,19.46,8.32,3.85,1.1,74.36,61.85,51.0,0.33,35,1
2024-06-30,27.71,7.0,7.77,0.2,21.98,46.67,82.7,2.12,5,0
2024-07-01,26.72,6.96,9.5,0.23,8.88,25.03,90.6,1.77,3,0
2024-07-02,24.34,7.06,8.1,0.16,20.52,13.37,91.5,1.21,3,0
2024-07-03,20.78,8.32,2.2,2.16,61.17,94.58,41.7,0.74,32,1
2024-07-04,26.68,7.3,7.19,0.03,26.07,21.98,91.5,1.62,3,0
2024-07-05,33.0,6.12,4.11,1.49,73.41,61.3,32.4,0.7,36,1
2024-07-06,33.0,5.67,4.13,2.01,92.85,61.75,34.5,0.62,10,1
2024-07-07,33.0,8.24,3.75,1.05,52.23,80.98,40.3,0.87,30,1
2024-07-08,27.87,6.76,7.5,0.35,20.1,40.61,73.1,1.69,4,0
2024-07-09,24.13,7.01,5.5,0.49,29.53,49.16,92.0,1.0,4,0
2024-07-10,25.93,7.18,6.94,0.04,26.6,14.05,70.0,2.08,5,0
2024-07-11,32.01,8.34,3.75,3.66,54.76,77.71,54.4,0.86,34,1
2024-07-12,26.51,6.5,9.5,0.13,29.16,23.54,88.8,1.72,8,0
2024-07-13,24.26,6.94,5.62,0.07,25.69,45.09,80.4,1.63,4,0
2024-07-14,27.45,6.72,7.84,0.08,19.68,21.44,79.2,1.73,7,0
2024-07-15,30.58,8.22,2.31,3.04,83.06,71.25,31.0,0.38,14,1
2024-07-16,25.59,7.26,5.72,0.02,8.41,10.16,85.5,2.15,2,0
2024-07-17,25.94,7.48,7.2,0.8,24.12,42.07,76.2,1.05,3,0
2024-07-18,24.35,7.7,7.15,0.8,22.39,31.61,93.7,1.98,2,0
2024-07-19,24.0,6.59,7.39,0.16,34.6,12.24,68.2,1.54,5,0
2024-07-20,25.64,6.6,8.15,0.04,34.1,10.88,90.8,1.88,2,0
2024-07-21,27.72,7.18,7.76,0.05,12.3,43.69,88.9,1.47,4,0
2024-07-22,28.28,6.83,7.31,0.21,8.7,26.04,97.1,1.5,3,0
2024-07-23,32.07,6.15,3.57,1.42,94.37,87.32,41.7,0.65,37,1
2024-07-24,30.75,6.17,3.05,2.37,79.96,67.54,36.6,0.74,18,1
2024-07-25,22.91,7.11,8.48,0.03,18.91,16.96,93.8,2.03,4,0
2024-07-26,22.15,7.0,9.34,0.8,7.92,22.12,71.1,2.09,4,0
2024-07-27,32.49,8.44,3.91,3.5,59.34,79.91,56.0,0.56,34,1
2024-07-28,32.07,8.3,3.75,2.03,80.24,84.58,41.2,0.31,25,1
2024-07-29,28.06,6.98,5.99,0.14,16.02,31.04,65.0,1.55,5,0
2024-07-30,27.31,6.93,7.6,0.29,20.29,31.83,78.3,1.63,4,0
2024-07-31,19.87,8.23,2.42,1.66,70.73,70.02,37.4,0.69,15,1
2024-08-01,23.5,6.96,9.5,0.01,20.55,11.5,92.3,1.94,5,0
2024-08-02,25.2,6.94,5.5,0.18,22.46,24.27,85.1,1.32,6,0
2024-08-03,25.37,7.27,6.8,0.08,18.79,35.14,85.3,2.19,2,0
2024-08-04,25.65,7.25,9.11,0.8,13.34,29.93,78.4,1.13,5,0
2024-08-05,22.42,6.66,8.56,0.01,15.57,44.26,85.2,1.32,7,0
2024-08-06,29.45,8.44,3.48,3.53,92.36,90.86,45.5,0.76,36,1
2024-08-07,23.92,7.14,7.31,0.62,26.24,38.55,92.8,1.33,3,0
2024-08-08,26.3,6.53,7.5,0.28,6.87,38.85,79.8,1.92,8,0
2024-08-09,22.59,6.73,8.58,0.18,28.89,31.88,97.5,1.92,6,0
2024-08-10,24.06,6.84,9.39,0.05,13.31,12.63,84.7,1.4,4,0
2024-08-11,26.27,7.03,8.16,0.8,30.23,11.44,72.2,1.98,4,0
2024-08-12,25.39,7.3,6.31,0.23,27.12,35.09,91.7,1.87,5,0
2024-08-13,24.57,6.87,7.06,0.12,11.61,47.01,85.0,2.03,4,0
2024-08-14,25.43,7.0,9.09,0.08,27.31,40.01,97.1,1.65,2,0
2024-08-15,28.6,8.27,3.52,2.41,80.44,66.65,54.6,0.37,31,1
2024-08-16,21.56,7.47,5.5,0.01,7.36,45.25,87.2,1.57,7,0
2024-08-17,22.94,6.5,7.16,0.11,16.52,44.18,99.4,1.45,3,0
2024-08-18,26.37,6.5,9.34,0.49,20.7,14.67,86.1,1.38,5,0
2024-08-19,19.41,8.26,2.28,2.42,71.83,78.93,54.6,0.4,21,1
2024-08-20,18.0,5.83,4.32,4.32,53.12,75.97,48.3,0.45,19,1
2024-08-21,25.95,7.2,8.96,0.09,17.32,45.94,84.9,1.79,4,0
2024-08-22,29.43,5.55,3.43,2.55,65.6,86.13,56.8,0.75,21,1
2024-08-23,25.73,7.33,6.68,0.08,6.9,15.27,88.6,1.99,4,0
2024-08-24,26.61,6.67,8.41,0.02,28.7,18.71,65.0,2.01,6,0
2024-08-25,25.57,6.55,6.12,0.18,29.54,47.2,100.0,1.87,3,0
2024-08-26,23.83,7.32,7.31,0.08,13.74,40.89,76.5,2.27,2,0
2024-08-27,21.46,6.95,9.5,0.08,33.0,23.78,87.2,1.34,1,0
2024-08-28,20.06,6.13,3.19,4.48,80.56,62.59,59.8,0.54,18,1
2024-08-29,30.64,5.5,2.44,4.2,70.93,62.21,47.9,0.66,14,1
2024-08-30,31.9,8.38,2.82,1.39,89.15,82.26,34.9,0.56,17,1
2024-08-31,29.51,5.54,3.38,3.1,62.35,74.0,53.4,0.86,23,1
2024-09-01,26.79,7.06,6.26,0.11,19.02,21.42,69.0,1.69,2,0
2024-09-02,18.0,6.13,3.07,2.17,64.24,87.09,31.6,0.31,29,1
2024-09-03,24.44,6.8,7.52,0.23,33.07,33.9,90.4,1.87,4,0
2024-09-04,25.72,6.86,5.5,0.8,15.9,25.61,75.0,1.79,6,0
2024-09-05,22.74,7.02,5.5,0.15,30.65,27.28,100.0,1.42,5,0
2024-09-06,25.06,6.9,6.65,0.07,26.45,22.6,91.7,1.45,4,0
2024-09-07,28.87,6.12,2.02,1.26,74.1,89.91,30.1,0.86,21,1
2024-09-08,23.21,7.01,5.71,0.19,32.02,47.2,83.3,1.0,2,0
2024-09-09,21.21,6.87,5.53,0.02,11.93,42.08,92.9,1.68,3,0
2024-09-10,18.0,8.23,4.34,1.17,59.46,79.81,48.5,0.32,18,1
2024-09-11,26.47,7.29,6.05,0.59,24.62,30.46,78.8,1.68,5,0
2024-09-12,29.25,5.61,4.43,3.77,60.93,91.79,32.8,0.58,29,1
2024-09-13,27.08,7.14,7.62,0.23,16.99,48.15,85.4,1.29,4,0
2024-09-14,28.32,6.18,3.87,3.9,84.71,61.36,35.8,0.62,17,1
2024-09-15,26.0,6.9,5.5,0.63,6.21,42.19,94.9,1.59,5,0
2024-09-16,25.81,7.17,8.59,0.15,16.06,37.6,73.2,1.23,3,0
2024-09-17,18.0,5.9,4.26,1.26,90.24,67.99,52.2,0.49,28,1
2024-09-18,21.72,6.95,9.5,0.01,34.53,25.34,89.4,1.42,5,0
2024-09-19,27.03,7.14,6.76,0.31,9.52,47.31,98.3,2.14,1,0
2024-09-20,22.55,7.02,9.07,0.8,19.51,29.62,87.1,1.62,7,0
2024-09-21,24.02,6.84,6.98,0.14,17.97,34.93,81.3,1.7,5,0
2024-09-22,22.41,6.81,5.5,0.31,5.55,36.16,69.8,1.98,1,0
2024-09-23,22.51,7.11,9.19,0.54,6.31,19.47,67.6,1.27,1,0
2024-09-24,29.67,5.67,2.48,2.81,90.86,88.15,32.0,0.72,37,1
2024-09-25,29.97,8.32,3.91,1.24,71.54,66.03,52.6,0.85,17,1
2024-09-26,25.38,6.98,5.62,0.4,31.01,35.05,76.9,1.81,5,0
2024-09-27,23.41,6.56,9.5,0.03,33.87,45.61,90.8,1.94,5,0
2024-09-28,22.88,7.32,9.02,0.02,30.79,28.33,76.2,1.46,4,0
2024-09-29,24.01,6.56,6.77,0.45,28.14,19.12,70.6,1.75,5,0
2024-09-30,19.25,8.34,4.37,2.29,56.1,78.14,33.4,0.86,39,1
2024-10-01,25.49,7.46,6.96,0.16,33.31,46.1,88.9,1.85,1,0
2024-10-02,18.0,5.7,4.42,1.89,88.63,79.12,47.1,0.51,20,1
2024-10-03,18.0,6.21,3.53,4.04,79.79,75.19,54.6,0.84,16,1
2024-10-04,25.81,7.16,7.45,0.23,10.07,22.9,78.1,2.07,8,0
2024-10-05,23.57,6.5,6.15,0.41,7.39,11.94,65.1,1.13,2,0
2024-10-06,18.0,5.74,4.48,3.31,52.27,63.66,56.4,0.62,18,1
2024-10-07,21.02,7.11,6.92,0.03,19.78,16.43,87.0,1.02,3,0
2024-10-08,23.6,6.84,8.78,0.47,5.94,48.67,66.0,1.78,3,0
2024-10-09,25.28,6.98,7.81,0.2,26.09,12.72,68.8,1.53,3,0
2024-10-10,22.8,7.01,8.55,0.13,12.02,11.99,93.5,1.32,6,0
2024-10-11,27.04,6.92,7.24,0.01,19.89,31.78,89.4,1.85,8,0
2024-10-12,22.75,7.8,7.15,0.06,32.03,36.97,77.2,1.78,2,0
2024-10-13,27.05,6.5,7.29,0.06,34.61,32.45,76.6,1.37,3,0
2024-10-14,26.45,6.5,7.94,0.02,9.87,45.8,74.0,1.95,3,0
2024-10-15,25.39,6.67,5.5,0.18,12.62,43.01,100.0,2.5,2,0
2024-10-16,22.09,7.18,6.03,0.15,17.47,28.77,77.1,1.62,4,0
2024-10-17,18.0,5.92,2.7,1.45,78.77,62.63,34.0,0.69,31,1
2024-10-18,25.04,7.19,8.02,0.07,31.78,28.35,81.5,1.69,4,0
2024-10-19,27.11,7.1,9.12,0.01,32.04,32.3,85.9,1.73,4,0
2024-10-20,30.92,6.03,2.02,1.33,52.44,85.39,32.4,0.73,22,1
2024-10-21,25.14,6.97,9.39,0.03,16.92,23.47,89.1,2.03,1,0
2024-10-22,24.56,7.19,5.85,0.23,29.99,15.0,86.6,1.38,7,0
2024-10-23,31.44,5.94,2.14,2.29,72.76,79.61,51.9,0.51,12,1
2024-10-24,25.63,6.86,5.5,0.15,30.08,15.95,79.8,1.54,1,0
2024-10-25,21.19,6.84,8.76,0.62,28.15,26.72,69.2,1.63,4,0
2024-10-26,21.2,7.06,8.21,0.08,22.21,42.86,100.0,1.72,3,0
2024-10-27,23.65,7.28,6.13,0.03,33.54,34.89,74.7,2.02,6,0
2024-10-28,26.61,7.31,5.5,0.08,29.74,34.33,82.8,1.9,5,0
2024-10-29,19.19,5.64,4.29,3.94,88.14,87.0,56.4,0.78,23,1
2024-10-30,24.1,6.57,6.63,0.18,14.62,39.78,84.4,1.83,5,0
2024-10-31,26.09,6.96,7.39,0.28,14.77,49.34,100.0,1.6,2,0
2024-11-01,29.63,8.26,3.72,2.8,59.01,71.19,47.8,0.34,30,1
2024-11-02,24.55,7.39,7.94,0.49,10.7,14.41,77.4,1.85,6,0
2024-11-03,23.74,7.35,6.53,0.12,34.23,49.45,90.3,1.92,4,0
2024-11-04,24.4,7.49,8.07,0.21,13.17,16.78,99.6,1.94,5,0
2024-11-05,26.19,6.7,9.5,0.48,15.21,10.26,90.6,1.59,2,0
2024-11-06,18.72,5.68,3.6,1.19,68.33,66.21,33.3,0.64,11,1
2024-11-07,18.0,8.44,2.35,1.0,86.46,63.07,49.0,0.85,36,1
2024-11-08,24.41,6.65,7.92,0.34,9.0,42.23,79.0,1.68,0,0
2024-11-09,24.15,6.68,9.5,0.33,33.84,34.11,93.1,1.61,6,0
2024-11-10,24.56,6.6,9.34,0.19,30.74,21.94,92.0,2.1,6,0
2024-11-11,18.1,5.52,2.66,4.34,77.16,92.69,36.1,0.39,15,1
2024-11-12,29.58,8.34,2.79,1.4,54.81,85.18,55.6,0.45,12,1
2024-11-13,31.01,5.85,3.47,3.19,79.4,62.46,48.9,0.87,11,1
2024-11-14,23.85,7.51,8.57,0.03,11.01,26.54,65.8,1.8,4,0
2024-11-15,24.07,6.5,9.5,0.02,18.94,42.83,96.2,1.82,2,0
2024-11-16,26.59,7.2,7.44,0.16,17.32,19.25,66.1,1.61,1,0
2024-11-17,29.92,8.33,2.89,1.03,87.76,61.12,58.2,0.84,11,1
2024-11-18,23.96,6.99,7.05,0.08,16.66,26.64,81.1,1.77,6,0
2024-11-19,23.6,7.24,7.81,0.2,31.9,49.31,80.8,1.25,5,0
2024-11-20,21.73,7.27,6.6,0.03,29.17,36.77,80.2,2.19,6,0
2024-11-21,22.47,6.66,6.28,0.3,7.85,13.8,87.7,1.43,2,0
2024-11-22,18.19,8.31,3.62,1.73,56.53,91.65,59.1,0.9,19,1
2024-11-23,27.16,7.05,6.54,0.02,31.81,31.19,94.7,1.85,1,0
2024-11-24,23.29,6.88,9.5,0.01,13.25,11.31,77.3,1.97,5,0
2024-11-25,24.5,7.24,8.85,0.37,11.01,18.44,74.6,1.91,7,0
2024-11-26,29.36,6.0,4.27,1.37,82.41,84.05,32.9,0.85,34,1
2024-11-27,25.47,6.81,7.74,0.56,16.96,30.89,80.9,1.22,4,0
2024-11-28,23.36,6.65,9.5,0.41,11.41,10.43,91.1,1.86,2,0
2024-11-29,23.52,7.26,7.72,0.02,18.71,47.69,98.6,1.93,4,0
2024-11-30,26.25,7.08,8.51,0.45,15.75,17.33,71.2,2.04,3,0
2024-12-01,26.39,6.83,6.5,0.04,26.46,12.77,77.5,1.33,8,0
2024-12-02,23.18,7.33,7.1,0.08,12.19,24.9,88.4,1.25,3,0
2024-12-03,24.49,6.86,8.4,0.15,33.63,46.43,92.0,1.68,3,0
2024-12-04,26.15,7.0,6.93,0.12,27.21,22.51,88.5,2.06,4,0
2024-12-05,24.56,6.85,9.5,0.25,19.26,41.62,93.1,1.58,6,0
2024-12-06,23.64,6.81,8.02,0.11,28.44,24.64,92.7,1.36,3,0
2024-12-07,26.7,7.54,5.5,0.38,33.13,13.65,65.0,2.16,5,0
2024-12-08,32.73,5.62,2.85,4.47,73.56,67.16,40.0,0.5,37,1
2024-12-09,29.77,8.3,3.46,3.41,75.52,83.93,30.1,0.86,14,1
2024-12-10,27.75,6.64,8.71,0.04,6.76,22.22,81.7,1.6,1,0
2024-12-11,25.62,6.5,5.5,0.1,27.0,44.85,91.2,1.61,3,0
2024-12-12,26.9,6.93,5.5,0.48,22.71,13.88,100.0,1.83,5,0
2024-12-13,27.88,6.64,8.16,0.73,28.93,46.86,71.3,1.32,5,0
2024-12-14,29.54,8.38,2.91,3.14,81.32,71.99,33.2,0.34,19,1
2024-12-15,28.49,6.7,8.17,0.01,9.23,34.35,79.6,1.51,1,0
2024-12-16,24.83,7.08,7.93,0.68,18.41,27.48,91.7,1.66,6,0
2024-12-17,25.75,6.52,7.63,0.04,22.59,40.57,90.0,2.08,6,0
2024-12-18,18.0,8.26,3.78,1.74,80.26,84.65,46.8,0.84,24,1
2024-12-19,28.06,7.14,9.5,0.19,33.23,29.45,81.6,2.14,7,0
2024-12-20,25.27,7.31,8.19,0.02,30.57,31.94,78.9,1.4,2,0
2024-12-21,30.22,8.39,3.91,2.57,85.54,81.64,33.4,0.39,29,1
2024-12-22,27.35,7.69,5.5,0.1,20.01,16.42,82.2,1.32,3,0
2024-12-23,23.44,6.68,9.04,0.19,33.69,40.67,66.4,2.01,6,0
2024-12-24,25.31,7.34,5.5,0.8,28.17,40.45,88.2,1.42,7,0
2024-12-25,24.83,6.5,7.36,0.06,15.01,39.11,79.7,1.76,3,0
2024-12-26,23.72,6.76,8.31,0.3,26.92,46.72,82.0,1.77,4,0
2024-12-27,26.66,7.65,8.27,0.8,8.03,22.35,89.2,1.73,1,0
2024-12-28,18.14,6.06,3.95,1.54,67.64,77.15,33.3,0.55,13,1
2024-12-29,25.43,7.05,5.5,0.06,29.31,15.4,85.8,1.91,4,0
2024-12-30,25.9,6.5,6.46,0.1,34.17,16.13,92.7,1.75,4,0
2024-12-31,25.87,7.24,7.26,0.17,9.7,27.06,96.9,1.58,5,0
2025-01-01,26.1,7.06,9.5,0.12,9.09,45.5,95.5,1.68,7,0
2025-01-02,26.58,6.79,5.5,0.34,7.01,33.75,69.2,1.88,8,0
2025-01-03,31.65,8.28,2.17,3.37,57.78,72.06,31.8,0.46,28,1
2025-01-04,27.16,6.89,7.95,0.45,28.93,31.52,76.8,1.57,3,0
2025-01-05,25.81,6.82,9.5,0.52,31.38,29.51,84.8,1.5,3,0
2025-01-06,26.63,7.26,7.74,0.15,34.43,40.36,100.0,1.75,7,0
2025-01-07,32.11,8.21,4.45,3.84,75.01,93.15,45.1,0.83,35,1
2025-01-08,23.27,6.84,7.89,0.18,18.2,13.65,68.0,1.43,3,0
2025-01-09,27.7,7.51,5.5,0.07,9.67,45.22,65.4,1.26,1,0
2025-01-10,29.34,7.15,6.67,0.5,33.42,15.44,77.8,1.25,2,0
2025-01-11,26.35,6.65,7.66,0.01,29.24,17.05,68.7,2.02,2,0
2025-01-12,32.12,8.2,3.3,3.12,93.33,80.63,44.1,0.64,37,1
2025-01-13,28.95,7.17,9.41,0.71,30.91,36.96,92.6,1.88,5,0
2025-01-14,33.0,5.75,3.82,4.3,87.45,81.82,50.0,0.43,35,1
2025-01-15,33.0,5.91,4.46,2.37,53.6,63.14,47.7,0.66,32,1
2025-01-16,33.0,5.9,3.2,4.26,81.85,86.18,35.9,0.77,37,1
2025-01-17,24.14,6.88,8.31,0.12,11.3,29.68,94.5,1.72,3,0
2025-01-18,25.55,6.79,8.09,0.16,33.43,15.05,68.5,1.49,4,0
2025-01-19,28.97,7.53,7.45,0.03,25.05,45.83,80.0,2.21,3,0
2025-01-20,25.11,7.26,7.87,0.35,30.24,26.59,84.9,1.62,6,0
2025-01-21,26.07,6.81,7.14,0.8,8.82,12.89,81.3,1.91,4,0
2025-01-22,26.93,7.54,9.5,0.76,6.47,32.94,86.0,1.57,1,0
2025-01-23,27.95,7.06,8.31,0.17,6.35,46.8,80.2,1.69,3,0
2025-01-24,21.1,8.45,3.54,1.04,81.29,74.63,47.0,0.69,32,1
2025-01-25,24.96,7.22,5.74,0.47,32.45,16.78,87.0,1.08,0,0
2025-01-26,32.46,5.72,4.12,2.04,76.94,77.6,31.6,0.87,30,1
2025-01-27,28.24,7.21,7.15,0.45,27.66,34.27,99.6,2.1,7,0
2025-01-28,29.51,7.02,9.5,0.22,6.15,34.61,68.7,1.6,3,0
2025-01-29,27.59,6.59,6.7,0.06,25.03,34.38,78.0,1.77,5,0
2025-01-30,28.52,6.88,8.19,0.1,29.72,10.21,69.8,1.13,6,0
2025-01-31,28.56,7.01,7.11,0.32,22.76,39.45,77.9,1.74,3,0
2025-02-01,24.05,7.18,8.81,0.12,27.65,35.95,98.4,1.94,0,0
2025-02-02,30.08,7.17,7.27,0.51,22.63,20.09,79.0,1.37,3,0
2025-02-03,27.21,7.26,6.78,0.3,15.22,22.05,100.0,1.68,3,0
2025-02-04,20.15,5.99,3.65,1.95,89.22,76.97,39.2,0.61,34,1
2025-02-05,30.16,6.85,9.24,0.04,6.24,21.26,88.7,1.23,1,0
2025-02-06,30.19,7.2,7.18,0.17,17.51,36.55,74.2,2.5,4,0
2025-02-07,24.22,7.16,7.25,0.37,13.87,33.24,93.7,1.97,4,0
2025-02-08,27.46,6.5,7.96,0.54,26.55,30.93,77.5,2.01,7,0
2025-02-09,28.98,7.29,7.9,0.04,18.53,46.44,85.8,2.11,3,0
2025-02-10,20.7,6.15,2.66,3.47,86.12,68.36,31.3,0.67,33,1
2025-02-11,30.32,6.87,7.15,0.8,17.47,34.04,93.6,1.74,5,0
2025-02-12,27.48,6.94,5.5,0.29,17.15,17.93,85.1,1.87,4,0
2025-02-13,26.97,7.8,7.48,0.06,8.78,47.31,73.8,2.19,8,0
2025-02-14,20.54,5.52,2.68,1.7,60.43,87.93,46.9,0.3,10,1
2025-02-15,32.15,6.06,2.57,2.09,94.29,89.11,44.1,0.63,19,1
2025-02-16,29.6,7.22,9.5,0.8,18.29,33.97,92.5,1.69,4,0
2025-02-17,26.82,6.98,8.15,0.73,30.4,15.1,65.0,1.75,6,0
2025-02-18,25.83,6.68,7.4,0.79,18.62,39.38,84.2,1.69,3,0
2025-02-19,29.67,7.31,8.8,0.2,18.51,17.98,84.8,1.65,4,0
2025-02-20,33.0,5.7,3.72,3.22,86.48,61.57,38.9,0.47,35,1
2025-02-21,20.8,8.22,2.84,2.02,74.35,60.83,32.4,0.55,15,1
2025-02-22,27.45,7.13,9.02,0.28,19.02,35.06,100.0,1.37,3,0
2025-02-23,26.25,7.24,6.73,0.06,27.97,29.74,83.1,1.62,6,0
2025-02-24,29.51,6.95,8.21,0.09,23.49,29.95,84.8,1.78,3,0
2025-02-25,25.31,6.55,7.6,0.04,16.07,38.88,94.0,1.8,6,0
2025-02-26,25.25,6.89,8.65,0.15,17.2,32.43,91.3,1.54,4,0
2025-02-27,27.41,6.97,9.5,0.02,7.08,42.11,89.0,1.52,4,0
2025-02-28,29.15,7.8,7.04,0.32,32.68,12.27,80.0,1.74,4,0
2025-03-01,26.72,7.08,5.5,0.43,21.19,15.16,93.8,1.0,2,0
2025-03-02,28.96,6.92,7.32,0.27,7.61,38.07,91.3,1.61,4,0
2025-03-03,22.22,6.26,3.56,2.96,52.68,69.57,57.7,0.51,34,1
2025-03-04,20.96,8.25,3.79,1.6,54.7,68.31,41.4,0.59,24,1
2025-03-05,25.63,7.06,8.09,0.66,13.49,27.52,80.3,1.52,4,0
2025-03-06,27.39,6.5,5.5,0.18,12.76,38.62,75.3,2.0,4,0
2025-03-07,30.81,7.33,6.41,0.14,25.66,36.84,83.2,1.57,1,0
2025-03-08,28.39,7.68,7.58,0.11,26.31,16.77,87.6,2.06,2,0
2025-03-09,26.25,7.07,8.44,0.06,5.76,11.58,85.6,1.5,4,0
2025-03-10,32.96,8.3,4.42,3.91,62.81,72.72,43.9,0.89,11,1
2025-03-11,28.13,6.94,8.38,0.56,17.55,27.63,97.6,1.88,2,0
2025-03-12,27.02,6.5,6.4,0.05,6.0,28.81,81.9,2.12,4,0
2025-03-13,30.52,7.06,6.8,0.23,16.37,23.61,93.6,1.78,3,0
2025-03-14,33.0,8.25,2.13,1.77,62.34,79.17,34.3,0.38,27,1
2025-03-15,27.95,6.77,9.5,0.32,18.38,18.99,82.4,1.98,2,0
2025-03-16,33.0,8.25,3.23,2.25,87.25,60.79,37.3,0.39,17,1
2025-03-17,29.99,7.11,7.15,0.03,34.48,44.41,89.0,1.75,3,0
2025-03-18,26.59,7.43,8.93,0.62,6.43,25.42,68.1,1.85,3,0
2025-03-19,26.25,6.99,6.99,0.01,19.51,30.04,76.9,1.58,5,0
2025-03-20,32.95,6.06,4.36,1.68,78.88,88.6,46.8,0.45,36,1
2025-03-21,26.08,7.07,7.32,0.26,16.78,33.11,78.8,2.29,3,0
2025-03-22,28.29,6.8,9.5,0.12,26.65,12.99,84.6,1.86,2,0
2025-03-23,20.41,6.18,4.25,2.83,55.15,74.03,36.2,0.42,29,1
2025-03-24,26.83,7.34,5.5,0.24,10.64,44.39,78.2,1.45,3,0
2025-03-25,22.86,8.43,2.35,4.38,86.95,67.16,35.6,0.38,21,1
2025-03-26,23.36,6.1,3.28,3.18,67.79,86.89,42.8,0.57,34,1
2025-03-27,26.51,6.63,9.48,0.33,24.27,47.24,89.3,2.0,5,0
2025-03-28,22.55,5.62,3.83,2.24,86.92,61.56,52.7,0.46,17,1
2025-03-29,25.96,6.85,9.5,0.19,21.13,49.81,81.4,2.19,6,0
2025-03-30,22.01,8.38,2.66,2.8,75.79,92.4,49.4,0.55,13,1
2025-03-31,33.0,8.37,2.76,1.9,76.72,60.55,37.8,0.7,27,1
2025-04-01,23.11,8.21,2.91,2.24,78.64,86.29,50.4,0.42,28,1
2025-04-02,25.14,7.06,8.97,0.15,15.93,10.48,93.4,1.41,3,0
2025-04-03,26.3,6.91,9.32,0.34,28.7,42.61,81.6,1.76,0,0
2025-04-04,33.0,8.46,4.17,2.69,65.12,65.41,42.0,0.52,18,1
2025-04-05,26.54,6.59,9.29,0.01,13.64,40.74,91.6,1.42,3,0
2025-04-06,29.44,7.26,9.38,0.25,33.93,18.69,87.9,1.44,3,0
2025-04-07,33.0,8.23,3.43,1.77,88.8,86.0,42.4,0.58,21,1
2025-04-08,30.83,6.94,8.62,0.56,5.01,16.74,75.0,2.36,3,0
2025-04-09,29.3,6.88,9.5,0.23,7.76,27.8,99.7,1.63,0,0
2025-04-10,27.34,6.98,6.03,0.34,31.24,39.97,75.0,1.44,4,0
2025-04-11,25.14,6.81,6.81,0.41,27.7,36.68,74.8,1.84,6,0
2025-04-12,25.08,6.97,6.47,0.06,19.56,43.21,86.4,1.84,6,0
2025-04-13,20.09,5.97,4.05,1.44,88.59,91.41,58.4,0.54,17,1
2025-04-14,26.46,7.17,7.77,0.8,14.51,47.57,88.0,1.54,4,0
2025-04-15,27.64,7.44,5.5,0.17,33.98,34.16,83.3,1.71,2,0
2025-04-16,26.63,6.75,8.17,0.29,33.08,48.38,85.0,1.5,4,0
2025-04-17,33.0,8.2,3.61,4.12,89.82,84.48,44.0,0.61,13,1
2025-04-18,25.89,7.45,7.07,0.22,14.5,20.33,85.9,1.55,3,0
2025-04-19,29.86,7.0,5.5,0.8,13.22,18.11,94.8,1.5,5,0
2025-04-20,27.72,6.81,9.5,0.42,11.81,18.85,81.0,1.38,6,0
2025-04-21,28.25,7.01,9.4,0.08,12.84,30.48,74.9,1.42,1,0
2025-04-22,26.87,6.73,7.47,0.06,8.08,34.5,87.2,1.59,1,0
2025-04-23,27.14,7.06,7.46,0.56,23.02,37.27,98.3,1.49,1,0
2025-04-24,33.0,8.29,4.31,2.39,78.12,87.29,53.5,0.61,34,1
2025-04-25,30.84,6.6,7.38,0.19,19.84,29.6,68.3,1.78,3,0
2025-04-26,27.17,7.36,6.71,0.34,17.14,27.82,85.2,1.67,1,0
2025-04-27,29.93,7.32,7.16,0.23,25.69,28.77,67.0,1.09,4,0
2025-04-28,20.18,8.39,3.3,3.38,53.86,76.13,52.3,0.89,36,1
2025-04-29,20.71,8.46,2.4,1.72,85.48,65.85,30.9,0.68,32,1
2025-04-30,29.1,7.09,7.53,0.05,26.16,21.66,100.0,1.41,7,0
2025-05-01,26.16,7.53,9.1,0.18,34.06,13.35,75.4,1.15,0,0
2025-05-02,27.82,6.5,9.36,0.21,8.89,40.0,76.1,1.64,6,0
2025-05-03,32.93,8.48,2.22,4.34,91.46,61.89,40.8,0.79,36,1
2025-05-04,28.66,6.99,8.73,0.29,29.91,24.42,65.7,1.26,4,0
2025-05-05,28.15,6.76,7.61,0.01,14.5,37.09,73.4,1.83,2,0
2025-05-06,27.62,7.26,6.08,0.72,12.07,46.33,86.0,1.64,4,0
2025-05-07,26.64,6.56,7.42,0.62,26.36,33.2,69.2,1.78,3,0
2025-05-08,26.5,6.67,7.81,0.37,32.15,27.38,92.9,1.69,4,0
2025-05-09,26.09,6.97,6.68,0.03,24.01,45.21,97.6,2.05,6,0
2025-05-10,26.7,6.6,7.46,0.22,29.42,41.07,91.8,1.98,4,0
2025-05-11,27.77,7.3,8.47,0.02,27.37,30.21,100.0,1.71,3,0
2025-05-12,23.42,8.21,2.38,3.78,85.33,68.31,38.7,0.86,13,1
2025-05-13,30.51,6.68,6.95,0.31,21.09,20.99,100.0,1.66,3,0
2025-05-14,24.54,6.73,9.37,0.15,17.99,15.77,93.5,1.25,2,0
2025-05-15,29.84,7.19,6.96,0.12,13.69,20.78,87.5,1.37,3,0
2025-05-16,33.0,5.84,2.13,2.53,78.04,89.42,50.5,0.43,31,1
2025-05-17,27.03,6.97,5.5,0.09,25.84,40.78,83.0,1.75,2,0
2025-05-18,19.94,8.42,2.75,1.12,51.68,60.92,52.2,0.49,37,1
2025-05-19,28.54,7.19,8.03,0.31,7.02,20.13,80.4,1.83,6,0
2025-05-20,27.77,7.06,9.5,0.61,6.29,32.96,80.5,1.61,3,0
2025-05-21,29.44,7.37,8.03,0.52,6.99,16.83,73.9,1.35,4,0
2025-05-22,25.14,6.97,6.6,0.14,26.3,10.8,87.1,1.14,0,0
2025-05-23,23.02,6.06,2.98,2.09,61.32,72.02,43.8,0.42,13,1
2025-05-24,28.81,6.9,9.32,0.8,19.17,32.15,65.1,1.8,3,0
2025-05-25,24.67,7.53,8.42,0.36,21.43,34.38,80.8,1.68,4,0
2025-05-26,21.77,5.75,3.88,1.49,65.67,73.63,45.3,0.86,13,1
2025-05-27,25.37,7.0,8.64,0.01,8.29,32.92,84.3,1.61,2,0
2025-05-28,30.12,7.38,5.5,0.34,30.43,37.74,77.0,1.75,4,0
2025-05-29,27.74,7.3,5.8,0.19,18.76,49.35,68.8,1.32,4,0
2025-05-30,28.96,6.72,8.29,0.39,20.37,38.48,93.1,2.25,1,0
2025-05-31,25.14,6.5,7.11,0.39,7.21,18.91,81.0,2.18,4,0
2025-06-01,26.52,6.75,8.33,0.11,34.76,11.54,80.6,1.6,3,0
2025-06-02,26.08,6.95,7.36,0.14,29.98,23.05,80.3,1.78,5,0
2025-06-03,27.15,7.18,8.22,0.12,7.85,49.87,83.6,1.91,5,0
2025-06-04,26.0,7.11,6.87,0.58,19.46,41.33,84.7,1.35,2,0
2025-06-05,27.34,6.82,7.59,0.09,26.68,22.85,71.9,1.41,2,0
2025-06-06,28.84,6.74,8.77,0.09,24.37,14.7,85.0,1.72,1,0
2025-06-07,28.59,6.64,6.82,0.18,19.82,22.48,89.2,1.1,6,0
2025-06-08,26.39,7.44,6.19,0.33,10.89,36.86,94.9,2.11,5,0
2025-06-09,32.91,6.02,2.64,1.89,92.7,82.24,34.7,0.73,29,1
2025-06-10,26.2,6.69,7.65,0.13,10.53,14.26,100.0,2.12,2,0
2025-06-11,27.16,6.97,6.79,0.48,20.68,32.0,96.7,2.06,5,0
2025-06-12,33.0,8.38,3.15,1.41,80.28,75.14,54.5,0.42,27,1
2025-06-13,23.63,7.13,7.76,0.26,13.43,46.41,78.8,1.56,4,0
2025-06-14,23.59,7.1,9.5,0.36,6.66,21.38,80.6,2.01,2,0
2025-06-15,31.81,8.36,3.64,3.13,68.53,76.58,42.4,0.81,20,1
2025-06-16,20.26,8.46,3.34,1.21,53.67,82.51,44.0,0.88,39,1
2025-06-17,27.59,6.86,9.5,0.62,30.91,24.86,67.4,1.89,3,0
2025-06-18,32.95,5.76,2.85,3.38,52.62,92.52,36.7,0.9,37,1
2025-06-19,20.61,6.2,2.41,2.43,87.4,83.14,41.8,0.75,11,1
2025-06-20,25.02,7.07,5.81,0.32,10.84,25.63,97.0,1.95,8,0
2025-06-21,19.21,8.28,3.65,3.15,88.21,76.81,56.1,0.52,24,1
2025-06-22,28.31,7.01,8.67,0.24,20.18,18.89,86.6,1.36,4,0
2025-06-23,26.57,6.77,5.5,0.59,20.65,17.74,79.6,1.76,3,0
2025-06-24,21.08,8.32,2.21,1.33,62.03,82.07,45.9,0.34,15,1
2025-06-25,27.17,7.07,6.18,0.37,6.21,25.46,99.2,1.35,1,0
2025-06-26,25.53,7.33,5.5,0.8,10.01,38.71,81.9,1.76,3,0
2025-06-27,19.49,8.31,2.92,1.16,63.51,78.59,42.2,0.46,39,1
2025-06-28,18.37,5.81,3.1,2.65,84.62,63.68,53.1,0.71,16,1
2025-06-29,25.89,6.92,5.5,0.36,29.79,39.25,81.9,1.8,4,0
2025-06-30,32.62,8.49,3.42,4.07,91.77,78.51,52.6,0.56,13,1
2025-07-01,26.96,7.43,5.56,0.01,31.67,35.66,92.5,1.78,8,0
2025-07-02,28.43,6.83,5.96,0.05,5.43,41.28,88.5,1.57,4,0
2025-07-03,26.73,7.04,6.4,0.7,5.36,29.94,94.8,1.15,1,0
2025-07-04,28.91,6.63,6.56,0.25,22.79,24.89,73.8,1.41,2,0
2025-07-05,23.99,6.5,9.23,0.12,12.13,31.42,87.4,1.86,3,0
2025-07-06,26.43,6.61,8.75,0.11,20.37,34.84,92.0,1.87,1,0
2025-07-07,27.17,6.84,6.98,0.73,34.94,17.22,79.9,1.95,1,0
2025-07-08,25.44,7.1,6.14,0.2,25.9,20.85,83.3,1.95,0,0
2025-07-09,24.77,6.53,6.26,0.32,30.04,32.34,84.6,1.55,3,0
2025-07-10,22.71,7.3,5.79,0.11,33.88,23.92,92.0,2.02,3,0
2025-07-11,22.67,6.5,9.02,0.53,16.99,11.36,86.9,2.09,3,0
2025-07-12,27.37,7.09,9.5,0.43,24.93,19.83,87.0,1.64,1,0
2025-07-13,27.75,7.2,7.98,0.3,11.67,12.14,79.9,1.74,4,0
2025-07-14,23.88,6.68,6.74,0.16,15.43,14.66,93.9,1.3,7,0
2025-07-15,32.46,5.86,3.93,4.01,50.6,83.96,30.6,0.72,28,1
2025-07-16,27.29,6.77,8.27,0.25,14.38,17.13,82.2,2.02,4,0
2025-07-17,25.99,6.93,8.5,0.48,9.0,14.42,69.5,1.74,5,0
2025-07-18,25.9,7.09,7.42,0.13,32.65,47.32,92.4,1.51,5,0
2025-07-19,32.43,5.51,3.2,1.16,86.79,94.65,42.2,0.31,21,1
2025-07-20,25.32,7.07,6.14,0.4,13.08,27.94,88.3,2.06,3,0
2025-07-21,24.8,6.86,8.72,0.47,7.98,42.91,78.9,1.78,4,0
2025-07-22,24.59,6.51,6.75,0.27,22.68,37.37,87.3,1.45,6,0
2025-07-23,22.28,6.89,6.49,0.8,23.99,32.17,78.3,2.2,4,0
2025-07-24,28.24,6.73,5.6,0.19,21.83,15.7,78.6,1.14,4,0
2025-07-25,26.39,6.91,9.14,0.53,9.63,42.91,69.9,1.77,5,0
2025-07-26,31.35,8.3,3.43,4.3,82.53,84.13,59.0,0.78,20,1
2025-07-27,23.85,7.02,5.5,0.8,14.25,45.38,78.3,1.35,5,0
2025-07-28,19.51,5.82,2.94,1.49,81.92,89.91,50.6,0.31,25,1
2025-07-29,27.65,6.74,9.5,0.12,12.57,33.06,78.8,2.05,5,0
2025-07-30,22.06,6.89,6.78,0.04,30.96,32.65,86.2,1.94,4,0
2025-07-31,26.01,6.66,5.62,0.12,8.69,13.39,95.3,1.18,6,0
2025-08-01,22.0,7.2,9.5,0.01,15.66,39.59,65.0,1.21,6,0
2025-08-02,25.1,6.76,8.83,0.05,26.02,20.31,81.3,1.66,5,0
2025-08-03,25.4,7.07,6.69,0.07,32.86,22.28,96.7,2.18,2,0
2025-08-04,23.28,7.41,9.5,0.18,13.31,28.56,100.0,1.31,2,0
2025-08-05,26.96,7.23,7.53,0.65,31.6,10.97,98.2,1.86,4,0
2025-08-06,21.85,6.88,9.5,0.02,10.06,28.24,80.5,2.05,4,0
2025-08-07,25.3,7.03,7.99,0.8,16.9,26.64,90.0,1.14,2,0
2025-08-08,26.96,7.26,6.61,0.04,27.68,13.92,100.0,1.59,4,0
2025-08-09,18.0,5.57,4.46,2.95,79.75,71.65,41.5,0.66,33,1
2025-08-10,26.86,7.09,8.03,0.16,11.18,26.11,77.9,1.77,2,0
2025-08-11,23.77,7.8,7.12,0.25,17.31,17.7,79.4,1.81,2,0
2025-08-12,21.69,6.61,8.8,0.31,26.42,21.7,99.6,1.5,4,0
2025-08-13,29.12,5.53,2.54,2.4,72.86,88.36,55.2,0.85,18,1
2025-08-14,21.64,7.1,8.87,0.18,24.87,38.27,99.3,1.72,2,0
2025-08-15,23.87,6.67,6.44,0.8,26.13,38.49,74.9,1.78,7,0
2025-08-16,23.68,6.79,8.94,0.1,25.02,45.83,93.9,2.46,5,0
2025-08-17,27.18,7.07,6.51,0.45,22.11,13.7,73.3,2.27,3,0
2025-08-18,18.0,8.44,4.5,3.94,83.29,90.48,49.0,0.81,22,1
2025-08-19,30.89,5.84,2.16,4.16,86.63,71.0,59.2,0.47,25,1
2025-08-20,21.49,6.87,9.5,0.25,28.79,20.92,96.1,1.83,8,0
2025-08-21,23.44,6.99,6.58,0.65,13.25,15.54,80.4,1.81,0,0
2025-08-22,23.07,7.6,6.29,0.27,15.5,27.76,82.6,1.22,6,0
2025-08-23,22.66,7.23,7.22,0.58,26.66,45.36,76.1,1.41,1,0
2025-08-24,25.01,7.24,6.16,0.35,14.54,17.07,87.8,1.56,7,0
2025-08-25,27.02,6.82,9.5,0.66,32.48,21.11,86.6,1.52,3,0
2025-08-26,22.81,6.86,8.88,0.03,26.15,24.41,87.6,1.39,6,0
2025-08-27,23.72,7.28,7.14,0.15,5.85,37.81,96.8,1.87,1,0
2025-08-28,26.45,6.58,5.5,0.8,26.72,26.47,94.0,1.85,2,0
2025-08-29,24.37,7.09,7.61,0.67,25.4,38.8,77.3,2.14,4,0
2025-08-30,18.0,8.22,3.76,3.37,86.3,70.38,45.3,0.7,11,1
2025-08-31,24.53,6.5,6.74,0.21,15.16,40.28,95.4,1.74,4,0
2025-09-01,26.26,6.88,9.5,0.03,16.88,49.33,81.5,1.57,5,0
2025-09-02,25.02,6.69,7.24,0.25,33.57,41.72,100.0,2.0,6,0
2025-09-03,26.18,6.93,7.81,0.01,27.93,33.24,71.5,1.55,1,0
2025-09-04,30.47,8.42,2.61,1.48,88.21,81.58,35.6,0.41,19,1
2025-09-05,24.48,6.96,6.85,0.04,5.87,14.51,100.0,1.5,8,0
2025-09-06,23.26,7.46,8.83,0.05,15.03,30.72,79.5,1.83,5,0
2025-09-07,21.28,6.86,8.4,0.01,29.14,34.62,86.9,1.44,4,0
2025-09-08,25.6,7.26,6.44,0.77,7.19,42.13,100.0,1.5,7,0
2025-09-09,21.98,6.5,6.88,0.03,7.25,23.9,96.0,1.81,3,0
2025-09-10,26.48,7.05,9.5,0.17,29.69,46.95,89.4,2.03,2,0
2025-09-11,31.98,5.86,3.2,4.23,93.63,77.59,35.3,0.7,30,1
2025-09-12,31.7,6.22,3.54,2.78,94.62,94.41,49.1,0.57,27,1
2025-09-13,30.29,8.22,2.25,2.18,67.06,76.3,44.0,0.45,34,1
2025-09-14,31.99,5.76,4.42,3.7,90.42,71.68,59.8,0.36,13,1
2025-09-15,18.77,5.59,3.54,1.03,84.92,82.77,36.4,0.52,39,1
2025-09-16,25.02,6.5,8.79,0.25,21.01,42.94,84.5,1.78,4,0
2025-09-17,22.21,7.08,7.78,0.12,16.72,39.63,88.9,2.2,4,0
2025-09-18,19.11,5.77,3.07,2.44,94.48,76.44,37.7,0.83,26,1
2025-09-19,25.99,7.17,7.37,0.07,14.35,22.31,82.3,1.15,5,0
2025-09-20,22.69,6.5,7.46,0.19,32.21,45.76,83.7,1.66,3,0
2025-09-21,18.0,5.77,3.02,3.42,59.0,94.06,40.5,0.81,10,1
2025-09-22,23.47,7.41,7.28,0.05,28.7,12.57,90.6,1.37,4,0
2025-09-23,22.97,7.12,9.5,0.12,23.99,12.01,83.0,1.38,4,0
2025-09-24,24.69,6.57,6.21,0.73,27.53,12.56,87.3,2.24,5,0
2025-09-25,29.82,6.05,4.35,3.32,89.21,88.96,40.8,0.66,26,1
2025-09-26,18.0,8.32,3.35,1.66,58.41,80.18,50.6,0.37,29,1
2025-09-27,23.47,7.11,9.5,0.14,34.34,27.38,88.7,1.67,7,0
2025-09-28,21.64,6.52,8.1,0.8,19.5,23.27,79.4,1.49,4,0
2025-09-29,18.03,8.34,3.95,1.05,86.76,70.52,34.5,0.44,24,1
2025-09-30,26.41,7.18,9.5,0.13,14.8,40.27,70.9,1.26,5,0
2025-10-01,18.0,8.27,3.14,1.09,75.67,77.74,55.2,0.65,11,1
2025-10-02,23.54,6.81,5.85,0.04,7.23,49.69,90.6,2.32,3,0
2025-10-03,18.62,8.34,2.5,4.02,64.46,94.63,34.7,0.61,16,1
2025-10-04,24.66,7.27,7.03,0.19,31.89,20.9,92.7,1.48,5,0
2025-10-05,21.71,7.1,8.63,0.29,23.78,21.85,98.3,1.59,2,0
2025-10-06,25.57,6.5,8.95,0.26,28.55,21.75,70.8,1.51,7,0
2025-10-07,26.77,6.9,9.5,0.11,20.11,16.47,77.2,1.62,2,0
2025-10-08,31.38,8.28,3.71,2.87,80.01,68.18,44.7,0.53,35,1
2025-10-09,21.02,6.99,9.5,0.49,24.49,28.71,83.5,1.13,3,0
2025-10-10,26.52,6.84,8.14,0.06,8.01,39.53,98.0,1.73,7,0
2025-10-11,18.0,6.09,3.41,1.97,54.3,65.77,35.2,0.81,33,1
2025-10-12,22.88,7.45,9.17,0.8,15.36,26.44,92.5,1.57,4,0
2025-10-13,23.04,6.71,6.34,0.4,5.24,31.57,78.3,1.95,7,0
2025-10-14,28.43,8.46,3.88,2.03,84.35,86.09,37.4,0.74,25,1
2025-10-15,23.44,7.15,9.06,0.29,27.55,18.56,81.2,1.42,4,0
2025-10-16,18.0,8.28,2.11,1.71,85.64,86.0,44.3,0.33,37,1
2025-10-17,25.58,6.91,7.03,0.33,21.51,14.88,93.7,2.0,2,0
2025-10-18,24.64,7.17,7.89,0.11,11.53,23.09,97.3,1.37,3,0
2025-10-19,24.96,7.24,9.29,0.26,19.64,17.46,82.2,1.83,2,0
2025-10-20,26.08,7.14,8.88,0.07,14.76,16.03,81.9,1.33,6,0
2025-10-21,27.12,6.65,8.11,0.14,19.04,26.78,83.9,2.18,4,0
2025-10-22,21.13,6.8,6.21,0.47,33.66,26.55,79.5,2.31,2,0
2025-10-23,23.7,6.84,8.49,0.12,19.44,33.87,92.0,1.22,1,0
2025-10-24,18.0,8.26,2.37,2.93,56.51,81.39,58.0,0.42,35,1
2025-10-25,30.57,8.25,3.56,2.48,75.05,67.46,50.6,0.88,38,1
2025-10-26,19.6,8.44,2.7,4.3,89.78,62.94,45.5,0.44,24,1
2025-10-27,23.5,6.74,8.66,0.1,8.52,36.15,66.0,2.16,3,0
2025-10-28,22.89,7.78,9.46,0.71,23.74,22.11,85.1,1.13,4,0
2025-10-29,19.24,6.03,3.79,2.7,69.14,74.89,56.2,0.54,29,1
2025-10-30,19.79,5.62,3.49,3.01,86.59,87.52,56.7,0.63,21,1
2025-10-31,31.32,5.9,3.33,4.3,80.66,82.6,51.3,0.85,39,1
2025-11-01,22.6,6.5,9.5,0.48,18.56,42.7,88.4,1.08,3,0
2025-11-02,18.0,8.4,2.66,2.09,73.76,67.56,56.5,0.35,13,1
2025-11-03,18.0,8.41,3.81,2.99,74.02,75.84,59.3,0.33,14,1
2025-11-04,29.29,5.95,2.59,2.76,91.68,88.53,39.7,0.89,15,1
2025-11-05,18.89,8.26,2.16,2.55,88.28,62.68,40.7,0.84,34,1
2025-11-06,25.24,6.76,7.55,0.04,16.51,47.61,92.6,1.82,1,0
2025-11-07,24.93,6.61,9.5,0.06,33.77,35.55,92.7,1.74,7,0
2025-11-08,18.0,8.28,3.05,1.35,51.91,83.59,46.1,0.57,10,1
2025-11-09,26.82,7.13,7.56,0.14,11.23,46.47,88.8,1.59,2,0
2025-11-10,21.46,7.21,6.98,0.37,16.55,19.84,75.2,1.17,2,0
2025-11-11,27.48,7.22,6.41,0.03,16.45,30.27,87.2,1.18,5,0
2025-11-12,23.0,6.61,8.05,0.64,13.91,42.94,81.8,1.47,7,0
2025-11-13,23.99,6.95,6.81,0.17,29.73,40.65,95.4,1.1,1,0
2025-11-14,24.29,6.89,7.43,0.39,22.01,17.86,76.3,2.09,5,0
2025-11-15,30.15,8.4,3.43,1.1,61.84,84.86,50.3,0.51,28,1
2025-11-16,26.79,6.76,5.5,0.03,8.37,39.07,86.4,1.87,3,0
2025-11-17,29.59,8.36,4.29,1.49,74.19,80.76,46.3,0.36,30,1
2025-11-18,26.43,7.02,7.69,0.25,24.81,43.34,78.7,1.96,5,0
2025-11-19,26.04,7.32,7.81,0.79,15.08,12.68,66.4,1.29,5,0
2025-11-20,18.0,5.78,3.45,1.35,63.79,77.53,37.0,0.63,31,1
2025-11-21,24.76,7.0,6.07,0.06,32.8,11.29,90.1,1.12,8,0
2025-11-22,23.98,6.82,7.99,0.09,6.4,27.29,89.9,1.76,5,0
2025-11-23,19.59,8.39,3.45,2.69,82.8,75.45,40.2,0.48,15,1
2025-11-24,24.64,6.86,6.72,0.1,12.45,37.39,80.0,1.76,5,0
2025-11-25,22.16,7.05,8.51,0.05,32.04,16.98,72.4,1.25,4,0
2025-11-26,24.15,7.48,6.66,0.32,32.35,25.18,86.8,1.55,5,0
2025-11-27,26.67,6.96,5.54,0.01,9.23,37.15,80.0,1.8,2,0
2025-11-28,31.85,6.05,4.32,2.22,64.81,80.0,37.4,0.69,17,1
2025-11-29,23.83,6.72,9.2,0.16,27.32,44.25,85.3,1.43,2,0
2025-11-30,21.98,7.2,9.5,0.17,21.2,17.9,85.7,1.0,4,0
2025-12-01,24.24,7.21,6.47,0.13,16.17,22.73,70.9,1.37,5,0
2025-12-02,25.83,7.69,5.5,0.69,34.1,35.38,83.0,1.74,4,0
2025-12-03,26.0,6.65,5.79,0.66,6.65,17.06,77.8,1.37,1,0
2025-12-04,28.1,6.64,9.5,0.19,13.0,23.79,93.3,1.8,3,0
2025-12-05,32.8,6.08,4.2,3.64,92.01,67.7,55.1,0.71,36,1
2025-12-06,24.11,7.12,8.46,0.25,11.12,46.11,74.8,1.53,3,0
2025-12-07,22.2,7.45,6.46,0.07,16.31,10.32,91.5,2.1,4,0
2025-12-08,31.7,8.21,3.31,2.02,76.77,60.96,31.9,0.74,30,1
2025-12-09,27.09,7.75,6.81,0.18,9.66,33.84,91.0,1.46,1,0
2025-12-10,20.04,6.13,3.54,1.33,85.14,94.7,45.9,0.71,31,1
2025-12-11,22.94,6.98,8.49,0.33,25.66,44.86,84.1,1.57,6,0
2025-12-12,28.36,7.19,7.8,0.12,10.96,44.19,89.6,1.56,2,0
2025-12-13,24.58,7.37,9.05,0.04,31.23,12.39,74.6,1.63,6,0
2025-12-14,18.5,6.21,3.79,1.46,92.33,91.5,40.4,0.37,37,1
2025-12-15,26.72,6.82,5.64,0.43,7.73,30.59,81.0,1.65,4,0
2025-12-16,24.38,7.01,8.62,0.23,28.42,22.59,90.1,1.69,2,0
2025-12-17,20.59,8.47,2.02,1.83,60.58,74.77,57.6,0.83,18,1
2025-12-18,20.29,8.48,3.43,1.4,90.9,66.96,52.3,0.83,30,1
2025-12-19,24.76,6.56,8.96,0.12,9.01,29.57,86.4,1.56,1,0
2025-12-20,30.82,5.97,3.02,2.74,51.82,91.25,59.9,0.41,12,1
2025-12-21,33.0,8.43,2.66,1.78,80.33,63.65,43.6,0.6,29,1
2025-12-22,26.3,7.45,8.65,0.31,20.59,37.27,69.3,1.61,0,0
2025-12-23,26.51,7.02,5.63,0.07,7.12,40.91,68.7,1.89,7,0
2025-12-24,30.91,8.24,4.22,2.59,64.19,92.94,55.5,0.81,27,1
2025-12-25,22.94,6.77,5.5,0.01,19.0,29.46,83.4,2.03,6,0
2025-12-26,25.6,7.02,7.19,0.26,27.72,20.64,95.7,1.92,0,0
2025-12-27,25.84,6.66,5.82,0.08,14.51,18.54,82.1,2.01,3,0
2025-12-28,24.32,7.08,7.66,0.09,11.19,15.44,92.7,1.38,4,0
2025-12-29,25.49,7.05,8.33,0.14,18.48,44.42,81.2,1.46,4,0
2025-12-30,28.64,6.99,6.98,0.1,30.83,29.53,75.1,1.9,3,0
2025-12-31,23.0,7.1,6.54,0.07,32.78,18.63,76.4,1.39,6,0
2026-01-01,26.61,6.72,6.54,0.41,34.33,33.79,76.9,1.73,5,0
2026-01-02,25.15,6.5,5.8,0.57,14.36,42.7,83.5,1.65,6,0
2026-01-03,25.51,6.9,7.61,0.25,25.15,27.26,98.5,1.46,3,0
2026-01-04,33.0,5.86,4.3,3.77,59.03,74.4,48.0,0.4,29,1
2026-01-05,21.68,6.15,2.76,4.1,82.57,83.44,54.0,0.45,21,1
2026-01-06,19.5,6.01,2.57,1.7,90.83,69.24,38.4,0.55,28,1
2026-01-07,27.67,6.78,7.94,0.09,32.57,36.8,95.9,1.93,6,0
2026-01-08,25.57,6.84,8.17,0.55,20.47,25.08,96.8,1.58,6,0
2026-01-09,27.38,6.97,8.67,0.06,6.43,19.86,86.8,1.36,1,0
2026-01-10,32.71,8.26,4.45,3.16,58.26,83.77,52.9,0.56,27,1
2026-01-11,29.1,6.62,7.33,0.06,30.52,38.12,88.3,1.58,5,0
2026-01-12,26.81,7.02,8.06,0.18,11.68,36.14,96.4,2.04,2,0
2026-01-13,27.88,7.37,9.5,0.01,27.86,13.98,69.8,1.44,6,0
2026-01-14,26.03,6.91,7.26,0.13,5.82,32.13,78.2,1.42,4,0
2026-01-15,18.59,5.9,4.33,3.58,81.23,71.79,33.1,0.64,20,1
2026-01-16,31.14,5.96,2.54,3.05,65.66,83.01,30.5,0.34,10,1
2026-01-17,24.94,6.99,6.63,0.16,22.82,44.53,75.0,1.06,5,0
2026-01-18,23.61,7.36,9.23,0.09,14.91,31.95,71.4,2.43,3,0
2026-01-19,29.64,6.5,7.04,0.06,18.37,19.77,91.1,1.17,2,0
2026-01-20,27.11,6.63,5.77,0.14,23.91,27.68,75.0,1.81,5,0
2026-01-21,18.87,8.49,3.21,2.84,81.59,93.95,43.0,0.54,22,1
2026-01-22,24.7,6.67,6.45,0.25,12.48,42.68,94.8,1.33,3,0
2026-01-23,22.72,5.6,2.89,3.36,82.82,84.17,33.4,0.69,13,1
2026-01-24,27.61,6.5,7.77,0.09,27.77,14.73,74.8,1.59,4,0
2026-01-25,32.92,8.29,3.16,4.24,50.44,68.66,33.1,0.76,19,1
2026-01-26,27.39,7.28,6.96,0.21,19.18,22.43,86.8,1.66,2,0
2026-01-27,27.17,6.89,8.65,0.26,7.32,20.31,82.2,1.52,6,0
2026-01-28,25.6,6.96,9.5,0.03,7.09,16.15,84.5,1.93,8,0
2026-01-29,32.07,8.36,2.2,1.55,61.25,77.1,51.0,0.89,26,1
2026-01-30,28.84,7.26,8.01,0.27,25.69,37.53,74.7,2.05,5,0
2026-01-31,22.37,8.47,4.21,1.86,54.3,75.42,50.3,0.41,19,1
2026-02-01,29.64,6.98,7.82,0.05,7.46,27.26,84.0,1.67,4,0
2026-02-02,29.65,7.0,5.5,0.16,10.16,24.33,79.5,1.53,6,0
2026-02-03,30.1,6.85,6.42,0.44,5.38,18.69,92.8,1.91,0,0
2026-02-04,28.3,6.76,8.22,0.31,7.52,17.25,100.0,1.6,2,0
2026-02-05,32.74,5.92,3.8,1.44,52.2,90.73,32.4,0.39,23,1
2026-02-06,29.29,6.88,6.82,0.27,21.17,36.52,94.0,1.58,4,0
2026-02-07,30.22,7.3,9.27,0.27,26.62,26.88,89.7,1.95,3,0
2026-02-08,28.31,6.53,6.92,0.01,29.81,34.31,84.5,1.9,4,0
2026-02-09,27.34,7.12,6.87,0.12,7.86,41.4,79.9,1.0,3,0
2026-02-10,28.74,7.05,7.17,0.4,28.27,42.35,89.4,1.64,2,0
2026-02-11,27.38,6.59,9.01,0.69,22.81,18.3,80.4,1.22,1,0
2026-02-12,30.35,6.81,7.87,0.18,6.74,31.79,76.2,1.97,3,0
2026-02-13,32.75,8.23,2.85,2.59,65.64,82.0,31.3,0.4,28,1
2026-02-14,30.4,6.61,9.38,0.12,17.73,15.82,80.3,2.01,6,0
2026-02-15,27.26,7.09,5.72,0.04,27.21,40.8,80.0,1.88,4,0
2026-02-16,26.89,7.16,5.5,0.74,34.2,20.49,82.2,1.71,2,0
2026-02-17,32.31,8.31,2.55,1.25,82.21,73.67,53.0,0.57,25,1
2026-02-18,25.91,7.35,8.96,0.71,33.76,11.03,73.8,1.6,3,0
2026-02-19,23.16,6.13,2.94,2.64,69.21,78.02,47.5,0.58,20,1
2026-02-20,28.28,7.11,7.53,0.02,19.64,40.96,88.4,1.38,4,0
2026-02-21,33.0,5.92,3.42,3.29,63.85,64.42,52.8,0.81,19,1
2026-02-22,30.58,6.5,7.14,0.18,30.46,40.35,75.7,1.2,3,0
2026-02-23,29.82,7.41,6.63,0.65,25.98,23.66,73.9,1.64,2,0
2026-02-24,20.43,5.84,2.11,2.48,88.67,64.71,55.4,0.66,17,1
2026-02-25,26.09,7.8,6.97,0.1,28.04,44.12,82.9,1.88,8,0
2026-02-26,30.18,6.99,9.5,0.66,15.39,24.77,84.1,2.0,4,0
2026-02-27,26.41,7.17,8.77,0.06,13.2,26.36,100.0,1.99,8,0
2026-02-28,21.87,8.42,3.7,3.4,59.77,94.45,55.3,0.77,21,1
2026-03-01,33.0,8.37,4.15,1.7,89.4,67.32,48.8,0.35,27,1
2026-03-02,33.0,5.59,2.06,3.51,54.96,87.63,35.0,0.51,37,1
2026-03-03,30.54,6.9,5.85,0.56,29.21,34.99,75.7,1.4,3,0
2026-03-04,24.87,6.62,5.92,0.09,16.97,42.31,100.0,1.73,5,0
2026-03-05,28.43,6.86,9.46,0.8,15.37,24.88,70.1,1.92,2,0
2026-03-06,25.9,7.04,7.62,0.05,14.34,42.01,89.9,1.29,2,0
2026-03-07,28.02,6.97,7.77,0.58,32.61,46.08,68.9,2.2,4,0
2026-03-08,27.8,7.48,8.89,0.01,22.05,25.94,73.3,1.7,6,0
2026-03-09,28.69,7.37,8.76,0.8,33.79,48.76,71.0,2.16,5,0
2026-03-10,30.86,6.89,5.63,0.23,11.76,48.97,81.1,1.94,4,0
2026-03-11,33.0,8.49,2.25,1.45,52.77,94.86,41.6,0.84,17,1
2026-03-12,27.46,7.01,6.95,0.12,5.04,22.32,77.7,1.24,5,0
2026-03-13,27.28,7.39,6.64,0.16,27.81,16.99,100.0,1.35,5,0
2026-03-14,26.55,6.5,9.5,0.54,26.9,39.97,83.5,1.28,7,0
2026-03-15,26.22,7.52,7.18,0.06,17.47,25.37,75.0,1.96,1,0
2026-03-16,29.41,6.85,8.3,0.26,19.0,26.79,83.5,1.99,5,0
2026-03-17,25.48,7.04,7.47,0.04,9.82,13.08,83.8,1.9,3,0
2026-03-18,20.97,8.3,2.3,3.73,66.37,85.76,45.4,0.74,24,1
2026-03-19,26.14,6.9,7.57,0.09,11.88,19.99,100.0,2.01,8,0
2026-03-20,33.0,5.61,3.28,3.2,68.84,74.65,31.2,0.56,30,1
2026-03-21,30.96,7.2,5.5,0.21,28.06,45.1,100.0,1.63,6,0
2026-03-22,32.14,6.01,3.74,3.59,61.66,72.04,59.7,0.52,10,1
2026-03-23,26.29,6.85,6.11,0.66,21.81,33.34,100.0,1.33,4,0
2026-03-24,25.8,6.9,7.04,0.76,18.25,39.71,88.7,1.21,6,0
2026-03-25,22.83,5.65,2.93,1.63,91.61,63.63,46.3,0.49,19,1
2026-03-26,28.62,6.5,7.18,0.31,33.43,11.65,86.9,1.92,6,0
2026-03-27,22.56,5.55,2.89,2.73,89.16,87.16,32.5,0.83,13,1
2026-03-28,20.12,5.69,2.27,2.27,76.11,66.76,54.1,0.75,10,1
2026-03-29,27.33,7.02,7.56,0.01,15.27,13.07,92.6,2.18,3,0
2026-03-30,32.54,5.96,3.6,2.6,68.01,80.75,44.7,0.48,14,1
2026-03-31,25.96,6.99,6.82,0.02,10.59,32.42,83.7,1.48,5,0
2026-04-01,33.0,5.59,3.42,1.12,73.11,81.33,35.7,0.46,11,1
2026-04-02,29.34,6.72,7.48,0.68,33.99,24.49,100.0,2.1,4,0
2026-04-03,32.32,8.41,2.15,2.31,53.49,80.88,49.4,0.52,28,1
2026-04-04,30.46,6.66,8.7,0.28,12.73,23.34,97.7,1.0,3,0
2026-04-05,33.0,8.5,3.87,2.07,92.82,85.0,39.8,0.47,24,1
2026-04-06,25.54,7.07,7.76,0.1,11.31,13.51,67.0,1.84,2,0
2026-04-07,26.83,7.29,6.7,0.46,31.75,32.52,96.7,1.21,1,0
2026-04-08,32.9,5.82,2.44,2.91,55.39,92.7,38.8,0.83,35,1
2026-04-09,30.23,7.04,7.16,0.16,30.98,47.56,81.5,1.58,6,0
2026-04-10,26.08,7.35,5.5,0.17,5.52,49.76,69.3,2.48,4,0
2026-04-11,25.15,7.02,8.55,0.77,28.49,17.23,97.8,1.86,6,0
2026-04-12,30.28,6.96,7.38,0.01,23.25,24.49,78.3,2.11,8,0
2026-04-13,29.69,7.32,7.99,0.8,15.46,43.32,90.9,2.02,5,0
2026-04-14,30.17,6.53,7.32,0.14,24.62,13.04,91.7,1.75,4,0
2026-04-15,20.63,5.52,3.47,3.74,83.58,61.77,56.8,0.44,15,1
2026-04-16,33.0,5.89,2.48,4.2,70.98,71.4,53.0,0.31,33,1
2026-04-17,28.36,6.87,5.5,0.01,26.59,43.35,78.0,2.07,2,0
2026-04-18,24.92,7.2,7.84,0.14,27.96,33.91,83.3,1.91,2,0
2026-04-19,33.0,5.71,2.01,2.41,58.41,81.85,50.4,0.59,24,1
2026-04-20,25.1,6.5,9.15,0.77,26.39,33.38,95.3,2.13,3,0
2026-04-21,20.82,5.92,2.29,2.75,85.75,82.85,37.0,0.56,24,1
2026-04-22,21.14,5.6,2.77,3.42,83.88,65.3,42.0,0.59,27,1
2026-04-23,25.08,7.16,9.36,0.18,7.75,34.77,91.4,1.78,2,0
2026-04-24,33.0,8.21,4.25,2.65,81.31,80.32,50.8,0.8,18,1
2026-04-25,27.83,7.07,5.69,0.67,11.94,17.59,87.6,1.7,8,0
2026-04-26,27.82,7.07,6.59,0.22,10.53,45.29,73.6,1.22,3,0
2026-04-27,20.57,6.18,4.3,2.89,81.75,72.52,52.5,0.67,22,1
2026-04-28,27.05,6.98,7.58,0.14,33.16,36.51,86.3,1.84,3,0
2026-04-29,28.96,7.09,8.32,0.19,7.6,12.28,78.6,1.03,1,0
2026-04-30,29.77,6.88,5.87,0.48,26.29,31.1,86.0,1.44,3,0
2026-05-01,27.81,7.28,5.55,0.23,22.89,26.63,83.0,1.67,5,0
2026-05-02,24.73,6.97,9.17,0.75,31.9,46.8,79.5,1.72,3,0
2026-05-03,21.77,6.09,3.43,4.07,58.81,65.84,47.3,0.58,18,1
2026-05-04,21.69,5.82,4.15,4.44,72.67,75.95,32.3,0.31,21,1
2026-05-05,29.46,7.46,8.72,0.32,8.43,21.64,77.2,1.89,5,0
2026-05-06,29.91,7.35,9.5,0.4,13.1,24.11,100.0,1.58,8,0
2026-05-07,29.14,7.28,7.91,0.65,8.25,27.13,89.1,1.69,2,0
2026-05-08,27.11,7.49,8.87,0.1,12.47,47.57,83.4,1.85,2,0
2026-05-09,32.55,5.66,4.46,1.86,66.94,70.54,33.3,0.59,27,1
2026-05-10,28.52,7.01,9.11,0.05,23.67,28.49,83.4,1.89,5,0
2026-05-11,31.56,8.2,4.46,2.62,76.88,65.61,38.7,0.67,15,1
2026-05-12,33.0,8.38,4.13,3.48,77.98,77.36,39.0,0.37,10,1
2026-05-13,28.92,6.98,7.36,0.8,11.98,11.39,75.2,1.83,1,0
2026-05-14,30.13,7.34,9.03,0.08,31.42,31.51,80.6,1.9,3,0
2026-05-15,32.99,8.31,2.1,3.63,92.71,72.2,35.4,0.62,24,1
2026-05-16,30.44,6.95,6.69,0.03,6.14,28.27,86.7,1.54,5,0
2026-05-17,32.58,8.41,2.45,3.21,77.71,79.28,37.5,0.52,24,1
2026-05-18,22.26,8.48,3.41,4.3,73.05,63.95,48.8,0.74,36,1
2026-05-19,29.22,6.53,6.9,0.12,15.25,48.37,83.0,2.12,3,0
2026-05-20,27.3,6.68,8.27,0.18,18.05,14.48,68.3,1.78,3,0
2026-05-21,26.73,6.75,9.5,0.34,26.39,47.41,88.5,2.11,2,0
2026-05-22,26.81,6.96,6.12,0.18,8.83,42.1,95.6,1.97,7,0
2026-05-23,27.55,7.28,8.62,0.05,18.32,17.07,75.5,1.84,5,0
2026-05-24,24.23,7.17,6.33,0.48,32.76,44.98,86.2,1.31,2,0
2026-05-25,24.87,6.5,7.55,0.06,27.5,18.18,74.3,2.1,2,0
2026-05-26,27.72,7.33,6.45,0.34,31.72,11.64,69.7,1.64,2,0
2026-05-27,33.0,8.27,4.33,3.64,85.54,63.67,55.1,0.54,22,1
2026-05-28,26.09,7.08,6.23,0.29,6.13,21.63,97.8,1.04,3,0
2026-05-29,27.03,6.98,5.76,0.04,12.69,48.94,84.8,2.03,4,0
2026-05-30,31.61,8.35,2.13,1.61,56.28,69.84,36.1,0.87,35,1
2026-05-31,24.03,7.8,5.69,0.02,21.67,41.65,68.9,1.85,5,0
2026-06-01,30.0,7.03,7.34,0.54,10.33,16.37,96.6,1.96,7,0
2026-06-02,27.7,7.13,7.35,0.25,33.13,10.3,100.0,1.87,2,0
2026-06-03,31.06,5.67,2.15,2.83,67.1,61.56,40.1,0.53,38,1
2026-06-04,24.01,6.86,8.11,0.01,29.6,14.24,96.0,2.13,0,0
2026-06-05,23.88,7.37,9.46,0.05,12.67,19.9,95.4,1.64,5,0
2026-06-06,21.1,5.79,3.74,1.89,82.79,94.86,53.9,0.51,27,1
2026-06-07,27.77,7.18,6.9,0.14,8.83,14.86,84.4,1.66,2,0
2026-06-08,19.04,5.57,4.19,1.62,61.92,62.67,53.4,0.34,18,1
2026-06-09,19.33,6.11,3.21,3.48,77.56,93.29,54.5,0.82,31,1
2026-06-10,26.59,6.5,7.29,0.19,30.58,35.82,85.6,1.52,0,0
2026-06-11,26.03,6.5,7.0,0.08,15.14,49.93,73.8,1.64,4,0
2026-06-12,27.67,7.8,8.67,0.66,16.42,46.34,100.0,1.59,3,0
2026-06-13,29.63,6.72,5.5,0.67,33.94,29.15,82.9,1.75,7,0
2026-06-14,26.09,6.88,7.22,0.09,10.94,31.68,100.0,2.15,7,0
2026-06-15,23.69,7.66,5.73,0.58,32.29,27.99,87.2,1.49,6,0
2026-06-16,25.66,7.55,7.98,0.02,23.95,40.59,92.0,1.92,3,0
2026-06-17,28.51,6.66,7.78,0.03,19.93,27.12,84.3,2.04,6,0
2026-06-18,23.73,6.71,8.96,0.38,21.65,14.35,84.2,1.92,4,0
2026-06-19,23.43,6.66,9.31,0.01,15.16,26.47,96.0,1.64,3,0
2026-06-20,21.27,8.4,2.47,3.74,93.01,80.31,50.5,0.5,15,1
2026-06-21,25.72,7.22,7.67,0.1,27.27,13.31,95.2,1.72,8,0
2026-06-22,28.06,7.23,7.94,0.03,12.61,36.52,83.1,1.34,2,0
2026-06-23,31.18,5.62,3.99,4.02,88.07,70.96,45.2,0.69,33,1
2026-06-24,28.49,6.73,8.72,0.27,31.52,46.43,83.1,1.79,1,0
2026-06-25,28.87,7.22,7.81,0.8,15.34,24.0,91.0,1.04,0,0
2026-06-26,27.82,7.25,8.77,0.13,20.67,24.4,85.4,1.61,1,0
2026-06-27,26.89,7.0,7.68,0.13,30.3,24.45,78.6,1.89,1,0
2026-06-28,25.26,6.63,8.68,0.17,6.7,33.52,80.0,2.15,2,0
2026-06-29,20.01,8.24,3.32,2.81,89.29,67.19,31.2,0.7,18,1
2026-06-30,23.96,7.08,7.37,0.05,8.68,48.62,97.1,1.85,3,0
2026-07-01,25.5,7.22,6.9,0.23,15.94,20.64,73.9,1.79,3,0
2026-07-02,26.74,7.04,6.73,0.41,33.49,29.98,99.3,1.47,2,0
2026-07-03,25.63,6.91,9.17,0.46,30.09,28.18,93.9,2.42,5,0
2026-07-04,25.17,7.24,5.66,0.13,29.6,25.36,83.1,1.71,4,0
2026-07-05,33.0,8.41,4.14,4.06,76.16,78.36,54.5,0.75,16,1
2026-07-06,28.85,6.75,5.5,0.51,10.38,13.29,77.0,1.16,3,0
2026-07-07,28.81,6.63,7.52,0.8,14.07,11.23,90.3,1.59,2,0
2026-07-08,23.5,6.89,6.47,0.65,14.06,38.56,72.5,2.28,4,0
2026-07-09,31.5,5.88,3.37,2.68,91.61,85.19,33.3,0.41,30,1
2026-07-10,24.42,6.53,7.54,0.24,33.25,46.85,90.6,2.05,2,0
2026-07-11,26.68,6.5,6.57,0.15,17.72,19.69,89.6,1.03,4,0
2026-07-12,20.42,5.77,2.01,2.79,58.69,90.39,33.1,0.3,24,1
2026-07-13,25.71,7.27,5.94,0.06,31.88,39.78,73.1,1.91,2,0
2026-07-14,26.49,7.31,8.3,0.14,30.46,16.52,71.6,1.25,4,0
2026-07-15,32.1,8.21,3.71,4.37,59.68,79.31,48.1,0.9,20,1
2026-07-16,25.34,7.3,9.5,0.09,15.6,18.55,67.1,2.23,4,0
2026-07-17,26.75,6.68,7.93,0.31,30.89,21.73,69.8,1.62,1,0
2026-07-18,28.18,6.88,7.95,0.59,26.46,46.13,81.6,1.67,4,0
2026-07-19,20.97,8.48,3.54,1.6,80.89,75.83,45.5,0.32,12,1
2026-07-20,20.85,8.39,4.25,3.51,65.68,80.56,39.3,0.9,24,1
2026-07-21,22.8,7.0,9.5,0.8,27.58,16.85,87.0,2.08,4,0
2026-07-22,23.73,7.42,8.89,0.04,12.05,23.64,100.0,1.58,2,0
2026-07-23,18.1,5.96,3.81,2.31,76.35,77.58,35.9,0.74,20,1
2026-07-24,24.52,6.96,7.9,0.08,13.93,27.65,75.0,1.26,4,0
2026-07-25,31.35,6.06,3.6,4.01,91.26,77.51,46.4,0.8,27,1
2026-07-26,24.73,7.36,7.82,0.09,16.18,39.8,87.6,1.34,4,0
2026-07-27,25.08,6.78,9.5,0.13,27.63,22.93,91.6,2.02,4,0
2026-07-28,24.73,6.73,7.36,0.14,26.11,17.15,89.5,1.28,5,0
2026-07-29,29.47,5.62,2.19,2.09,72.8,80.46,32.0,0.69,23,1
2026-07-30,23.23,6.98,8.22,0.8,26.7,12.83,96.6,2.04,3,0
2026-07-31,25.1,6.78,6.72,0.22,11.12,14.83,90.6,1.45,2,0
2026-08-01,25.04,6.88,7.62,0.26,30.16,38.89,87.5,1.4,4,0
2026-08-02,26.43,7.4,9.02,0.33,14.83,25.04,90.9,1.75,3,0
2026-08-03,25.08,6.87,5.5,0.11,13.06,27.26,99.9,1.29,6,0
2026-08-04,27.91,7.12,7.29,0.08,12.63,30.16,76.4,1.88,6,0
2026-08-05,26.4,6.93,7.52,0.53,26.12,36.47,83.1,1.52,4,0
2026-08-06,23.73,6.95,7.7,0.8,10.99,11.63,88.6,1.0,6,0
2026-08-07,23.42,6.95,7.36,0.48,23.65,22.6,83.3,1.33,5,0
2026-08-08,22.08,6.97,8.04,0.03,24.31,48.89,83.8,1.69,4,0
2026-08-09,25.59,7.25,9.34,0.53,25.56,31.36,92.8,1.45,5,0
2026-08-10,25.46,6.93,7.92,0.47,15.65,48.17,77.8,1.56,0,0
2026-08-11,18.0,8.46,3.37,1.33,66.99,71.1,46.1,0.7,29,1
2026-08-12,30.84,6.21,2.09,3.32,73.55,88.74,39.0,0.79,23,1
2026-08-13,26.23,6.73,7.89,0.1,34.07,22.78,87.7,1.54,4,0
2026-08-14,26.33,6.87,8.37,0.12,20.49,27.79,95.8,1.98,3,0
2026-08-15,23.75,7.09,9.5,0.22,11.46,38.75,86.4,1.46,5,0
2026-08-16,30.64,8.21,3.8,1.27,60.09,83.58,56.8,0.32,36,1
2026-08-17,32.41,8.46,2.17,1.16,87.02,89.29,51.8,0.51,21,1
2026-08-18,25.24,7.06,9.5,0.03,32.13,32.74,78.8,1.9,3,0
2026-08-19,25.77,6.75,8.64,0.12,6.07,43.26,88.8,2.0,3,0
2026-08-20,26.03,7.16,8.58,0.17,32.06,36.04,98.5,1.47,3,0
2026-08-21,24.1,7.14,6.75,0.2,22.22,15.9,76.2,1.18,7,0
2026-08-22,25.73,7.26,9.5,0.57,25.1,39.32,97.1,1.51,5,0
2026-08-23,21.82,7.12,9.19,0.36,13.83,31.95,96.8,2.23,8,0
2026-08-24,18.0,6.15,3.9,3.91,93.89,82.47,43.8,0.48,15,1
2026-08-25,22.46,6.81,6.18,0.19,7.08,12.11,73.0,1.39,2,0
2026-08-26,19.91,8.33,3.58,4.35,66.98,81.64,56.3,0.57,10,1
2026-08-27,22.25,7.1,5.99,0.03,25.84,25.27,69.3,2.07,1,0
2026-08-28,25.09,7.02,7.8,0.48,20.77,13.64,74.2,2.25,7,0
2026-08-29,29.56,8.42,2.02,3.73,86.89,93.79,35.4,0.66,23,1
2026-08-30,26.99,7.52,7.58,0.07,11.54,35.26,81.4,1.0,6,0
2026-08-31,26.55,7.09,5.5,0.03,15.85,17.28,97.2,1.58,2,0
2026-09-01,27.26,6.5,5.5,0.21,34.61,21.93,71.3,1.88,3,0
2026-09-02,19.5,5.85,3.81,3.09,63.29,61.81,53.0,0.51,15,1
2026-09-03,30.61,6.02,3.81,2.75,77.38,91.42,42.0,0.53,36,1
2026-09-04,24.79,6.88,7.16,0.13,19.73,17.61,100.0,2.09,3,0
2026-09-05,18.0,6.05,3.72,3.09,66.48,75.32,47.0,0.6,19,1
2026-09-06,22.36,7.27,9.42,0.05,13.04,25.73,75.7,1.47,5,0
2026-09-07,22.87,6.81,5.78,0.51,15.78,29.2,94.0,1.98,5,0
2026-09-08,25.79,7.23,6.29,0.6,31.36,41.35,87.7,1.68,6,0
2026-09-09,25.54,7.34,7.36,0.04,19.15,19.75,66.3,1.4,1,0
2026-09-10,23.23,6.5,8.55,0.23,23.85,46.88,79.4,1.44,2,0
2026-09-11,32.07,6.11,3.5,1.12,53.67,76.86,42.2,0.66,39,1
2026-09-12,27.1,6.95,7.38,0.2,14.56,41.23,98.1,1.55,2,0
2026-09-13,27.09,7.4,6.94,0.23,33.1,17.85,85.3,2.37,2,0
2026-09-14,24.92,6.97,7.25,0.11,31.57,30.87,83.7,1.61,6,0
2026-09-15,23.31,7.39,7.04,0.03,16.59,13.43,88.6,2.08,7,0
2026-09-16,21.06,7.8,7.88,0.09,13.38,34.41,92.8,1.31,1,0
2026-09-17,21.06,6.94,7.63,0.12,25.85,41.68,91.1,1.46,8,0
2026-09-18,23.91,7.05,8.37,0.04,22.48,13.55,70.6,2.41,1,0
2026-09-19,23.67,7.44,5.87,0.23,16.46,28.03,100.0,2.45,6,0
2026-09-20,25.3,7.08,6.07,0.02,18.45,13.9,87.8,1.25,8,0
2026-09-21,24.82,7.77,7.4,0.55,5.89,24.52,89.8,1.84,3,0
2026-09-22,25.66,6.74,7.96,0.26,23.98,24.73,84.7,1.69,0,0
2026-09-23,27.02,6.85,8.46,0.07,23.27,42.72,85.5,1.69,6,0
2026-09-24,18.0,8.34,3.13,1.32,52.21,90.0,36.2,0.65,25,1
2026-09-25,18.0,8.42,2.15,3.82,62.69,85.3,34.4,0.44,35,1
2026-09-26,23.68,6.79,7.1,0.59,21.14,45.13,87.9,1.83,8,0
2026-09-27,22.82,6.99,8.35,0.09,15.53,45.4,85.9,2.27,2,0
2026-09-28,31.24,5.98,3.64,2.63,56.85,78.05,34.7,0.54,30,1
2026-09-29,25.27,7.12,5.5,0.13,15.29,23.07,88.1,1.88,6,0
2026-09-30,18.17,8.22,3.2,3.3,69.47,83.78,43.5,0.5,29,1
2026-10-01,21.19,6.87,8.99,0.01,34.6,20.55,81.8,1.43,4,0
2026-10-02,25.48,7.45,9.18,0.13,22.86,16.83,90.0,1.54,6,0
2026-10-03,26.81,6.92,7.74,0.25,17.87,10.7,77.2,1.41,2,0
2026-10-04,19.6,6.28,2.06,2.57,77.49,71.15,53.2,0.88,19,1
2026-10-05,23.96,6.68,8.9,0.05,9.84,36.86,100.0,1.18,1,0
2026-10-06,22.14,6.82,8.69,0.22,24.86,32.06,93.6,1.5,5,0
2026-10-07,21.27,6.9,5.5,0.07,21.37,25.64,87.9,1.74,7,0
2026-10-08,22.93,7.0,5.64,0.03,33.25,35.52,90.7,1.42,6,0
2026-10-09,28.24,5.69,2.39,3.74,84.3,87.64,57.6,0.37,35,1
2026-10-10,24.6,6.5,8.54,0.13,25.83,47.65,92.2,1.39,4,0
2026-10-11,18.0,5.57,2.99,2.5,76.04,76.2,35.1,0.31,22,1
2026-10-12,29.14,8.44,4.29,1.4,53.21,89.82,53.2,0.46,18,1
2026-10-13,24.77,7.32,7.03,0.42,20.51,32.89,91.2,2.04,7,0
2026-10-14,27.04,6.5,5.5,0.43,20.94,12.71,80.1,1.96,3,0
2026-10-15,23.47,6.5,6.12,0.23,28.9,43.7,71.2,1.12,1,0
2026-10-16,24.27,6.94,5.5,0.23,10.49,27.55,86.8,1.65,3,0
2026-10-17,26.9,7.35,7.27,0.37,5.99,21.85,100.0,1.8,8,0
2026-10-18,22.34,6.62,7.7,0.06,24.91,49.63,92.2,1.87,5,0
2026-10-19,25.55,7.28,6.01,0.8,25.73,45.48,100.0,1.62,8,0
2026-10-20,25.79,7.37,9.03,0.18,6.83,43.78,86.3,1.97,1,0
2026-10-21,25.01,7.1,6.93,0.52,26.26,15.25,92.5,1.8,3,0
2026-10-22,27.13,7.15,8.41,0.31,32.04,43.23,74.2,1.8,2,0
2026-10-23,26.31,7.59,6.98,0.73,29.76,28.02,71.2,1.52,4,0
2026-10-24,27.16,7.72,7.71,0.04,6.25,25.19,77.4,1.44,3,0
2026-10-25,30.25,5.87,4.29,3.53,86.7,90.52,59.2,0.76,27,1
2026-10-26,24.73,7.14,5.5,0.07,23.33,42.42,98.7,1.82,3,0
2026-10-27,31.97,8.3,2.29,3.92,72.33,81.74,46.2,0.73,21,1
2026-10-28,26.7,7.26,7.27,0.05,14.57,27.29,94.2,2.02,8,0
2026-10-29,31.93,8.37,4.29,1.97,66.98,83.11,39.9,0.83,31,1
2026-10-30,18.0,5.59,3.41,2.54,55.73,76.25,34.9,0.74,24,1
2026-10-31,22.87,7.45,8.01,0.43,25.12,27.97,87.7,1.96,3,0
2026-11-01,25.07,7.52,6.46,0.06,6.62,32.93,94.2,1.37,2,0
2026-11-02,26.7,7.44,5.82,0.53,30.58,16.89,100.0,1.67,4,0
2026-11-03,22.96,6.91,6.02,0.05,9.43,22.6,95.7,1.18,1,0
2026-11-04,18.98,5.55,2.43,1.24,80.21,76.22,54.9,0.36,38,1
2026-11-05,26.64,7.5,6.7,0.25,34.8,27.0,83.9,1.31,2,0
2026-11-06,24.21,7.03,7.57,0.44,11.57,12.44,72.0,2.26,4,0
2026-11-07,28.76,8.49,2.56,1.14,74.9,64.65,40.3,0.61,33,1
2026-11-08,25.31,7.13,6.54,0.3,10.63,16.83,82.8,2.01,5,0
2026-11-09,21.49,6.95,6.21,0.08,25.77,41.19,89.9,1.46,3,0
2026-11-10,22.76,7.0,9.5,0.14,17.96,25.54,80.0,1.32,8,0
2026-11-11,20.04,8.41,2.36,2.76,57.01,64.48,30.4,0.68,29,1
2026-11-12,23.59,7.03,7.96,0.38,9.6,12.36,80.3,2.26,3,0
2026-11-13,19.46,8.27,3.65,2.98,50.47,67.16,53.3,0.47,32,1
2026-11-14,26.71,6.93,5.5,0.04,23.1,25.02,95.5,1.56,0,0
2026-11-15,25.1,7.01,6.58,0.02,31.49,43.65,86.2,2.05,8,0
2026-11-16,21.6,6.69,8.55,0.15,22.96,24.96,75.4,1.6,2,0
2026-11-17,27.27,6.52,9.5,0.17,9.62,49.06,82.5,1.94,3,0
2026-11-18,22.73,7.06,5.72,0.33,6.87,44.85,79.4,1.51,4,0
2026-11-19,24.01,6.71,7.93,0.03,16.18,19.71,98.1,2.07,5,0
2026-11-20,24.83,6.5,9.5,0.8,31.46,39.98,65.0,2.33,4,0
2026-11-21,31.32,8.22,2.29,1.45,55.86,83.84,41.2,0.74,16,1
2026-11-22,23.85,6.59,5.79,0.21,29.02,29.54,92.5,1.6,5,0
2026-11-23,27.43,7.34,7.96,0.5,24.73,42.6,82.1,1.38,6,0
2026-11-24,25.37,6.54,5.96,0.8,24.97,11.89,94.4,1.62,2,0
2026-11-25,24.19,7.04,8.78,0.09,33.71,19.77,87.7,1.84,8,0
2026-11-26,27.42,7.52,9.5,0.3,26.49,36.25,85.6,1.56,2,0
2026-11-27,18.42,8.25,2.75,3.58,74.65,71.38,32.7,0.43,27,1
2026-11-28,26.52,6.72,5.65,0.24,8.07,35.71,96.0,1.27,5,0
2026-11-29,27.73,6.85,7.31,0.73,16.31,18.8,100.0,2.18,4,0
2026-11-30,20.88,8.3,3.79,2.03,74.79,81.96,44.4,0.8,23,1
2026-12-01,27.78,7.42,6.52,0.73,5.89,24.72,91.3,1.53,4,0
2026-12-02,24.46,7.02,5.83,0.23,30.29,30.99,81.9,1.21,5,0
2026-12-03,27.06,7.28,6.32,0.04,27.88,27.59,89.4,1.9,6,0
2026-12-04,20.07,6.07,4.13,3.69,65.31,60.07,46.6,0.44,26,1
2026-12-05,24.24,7.27,7.31,0.15,15.3,42.67,85.6,1.69,6,0
2026-12-06,18.17,5.86,4.02,1.04,62.95,61.07,32.8,0.43,39,1
2026-12-07,31.69,8.35,4.38,1.24,78.84,87.21,44.1,0.75,29,1
2026-12-08,26.24,6.68,6.84,0.42,6.52,32.14,77.7,1.58,3,0
2026-12-09,24.44,6.54,8.65,0.46,23.78,23.52,81.6,1.95,6,0
2026-12-10,26.26,7.15,8.21,0.19,10.77,13.99,90.1,1.8,6,0
2026-12-11,28.32,7.22,7.52,0.53,17.82,26.89,89.2,1.92,2,0
2026-12-12,24.22,7.13,7.67,0.09,7.13,29.7,82.9,1.59,2,0
2026-12-13,24.52,6.5,7.95,0.29,26.17,43.15,91.7,1.8,6,0
2026-12-14,27.15,7.05,8.99,0.31,31.09,41.04,85.6,1.7,3,0
2026-12-15,28.06,6.84,6.46,0.1,22.38,12.35,67.0,1.84,3,0
2026-12-16,24.2,6.84,7.9,0.66,32.28,14.2,100.0,1.33,6,0
2026-12-17,25.17,6.5,5.5,0.33,24.35,33.11,88.9,1.68,4,0
2026-12-18,23.53,7.16,8.41,0.22,12.49,28.6,98.7,2.0,6,0
2026-12-19,28.18,6.76,6.77,0.29,17.34,46.87,84.9,2.26,4,0
2026-12-20,25.62,6.81,7.92,0.16,33.26,27.44,91.1,2.19,5,0
2026-12-21,28.25,6.91,9.08,0.3,9.23,35.99,81.7,1.59,1,0
2026-12-22,19.84,6.11,3.76,2.25,89.65,82.54,51.4,0.47,27,1
2026-12-23,31.13,5.8,3.65,1.78,93.44,64.36,44.4,0.35,24,1
2026-12-24,23.2,7.36,7.64,0.02,11.82,20.38,97.4,1.56,2,0
2026-12-25,31.57,5.75,2.36,3.64,82.46,73.23,32.3,0.31,23,1
2026-12-26,31.75,5.6,4.29,1.38,58.73,94.52,30.5,0.6,30,1
2026-12-27,18.0,5.86,2.82,2.4,81.77,79.8,57.8,0.32,19,1
2026-12-28,26.62,7.34,8.9,0.8,6.18,32.68,74.6,1.43,1,0
2026-12-29,31.95,5.54,3.29,1.95,79.61,72.75,51.1,0.71,36,1
2026-12-30,27.67,6.5,7.05,0.8,18.15,38.85,75.0,1.84,7,0
2026-12-31,18.27,8.37,2.76,3.34,92.94,71.53,42.2,0.76,21,1
2027-01-01,24.99,6.5,6.12,0.01,34.45,34.99,71.6,1.0,4,0
2027-01-02,20.3,6.13,4.45,3.9,76.81,92.52,43.4,0.89,19,1
2027-01-03,33.0,6.0,3.31,3.1,62.07,73.42,46.6,0.87,36,1
2027-01-04,26.17,6.69,7.75,0.06,13.68,45.61,100.0,1.76,3,0
2027-01-05,30.69,6.04,3.38,1.43,86.1,87.44,30.6,0.53,18,1
2027-01-06,24.09,7.26,8.9,0.18,25.66,27.78,94.9,1.57,6,0
2027-01-07,23.24,7.39,5.5,0.25,26.95,43.25,93.6,2.29,4,0
2027-01-08,27.53,7.2,7.53,0.02,21.53,38.74,80.8,1.81,6,0
2027-01-09,24.88,6.97,6.91,0.57,27.83,18.84,72.0,1.59,6,0
2027-01-10,25.74,7.29,8.26,0.47,11.62,35.94,92.2,1.74,5,0
2027-01-11,21.24,6.19,3.62,3.39,74.91,83.92,45.7,0.72,34,1
2027-01-12,27.18,7.36,8.54,0.2,34.74,11.75,79.6,1.28,3,0
2027-01-13,27.37,6.98,9.5,0.37,28.1,35.4,97.3,1.85,8,0
2027-01-14,25.79,7.14,8.43,0.38,34.91,20.38,88.6,2.2,5,0
2027-01-15,32.04,8.45,4.45,4.49,71.45,93.73,41.9,0.32,11,1
2027-01-16,27.92,6.88,7.37,0.02,13.27,37.07,65.0,1.44,4,0
2027-01-17,28.2,7.16,7.69,0.16,9.89,31.37,75.7,1.49,5,0
2027-01-18,22.29,5.57,3.45,4.07,55.35,74.52,38.2,0.31,21,1
2027-01-19,26.45,6.99,6.26,0.38,26.23,31.39,96.9,1.82,3,0
2027-01-20,29.52,7.32,7.7,0.64,18.35,30.31,71.9,1.04,8,0
2027-01-21,26.71,7.54,9.5,0.45,13.15,15.87,90.6,1.72,2,0
2027-01-22,23.74,7.17,5.5,0.16,13.53,46.16,90.6,1.41,5,0
2027-01-23,32.25,5.87,2.82,2.55,70.48,87.12,43.3,0.32,35,1
2027-01-24,33.0,8.27,2.47,1.78,86.12,91.27,44.8,0.51,15,1
2027-01-25,23.83,6.65,5.5,0.02,5.73,20.05,88.9,1.62,7,0
2027-01-26,25.54,6.88,6.17,0.12,7.24,16.09,81.2,1.96,4,0
2027-01-27,26.99,6.6,6.2,0.08,31.72,46.58,68.4,2.24,3,0
2027-01-28,25.05,7.12,9.5,0.09,34.98,33.59,96.6,2.04,1,0
2027-01-29,33.0,5.68,3.84,3.59,77.32,70.2,57.8,0.63,21,1
2027-01-30,33.0,6.07,3.88,1.99,59.86,92.41,47.2,0.36,36,1
2027-01-31,20.52,8.47,3.79,1.46,83.21,89.93,49.5,0.33,21,1
2027-02-01,27.23,6.95,5.66,0.04,9.41,17.43,71.6,1.92,3,0
2027-02-02,26.44,7.45,7.13,0.06,21.87,12.98,73.0,1.5,4,0
2027-02-03,30.1,7.13,6.54,0.05,7.13,22.8,89.7,1.73,4,0
2027-02-04,27.12,7.23,7.08,0.14,25.68,33.93,84.6,1.65,4,0
2027-02-05,27.44,7.46,8.81,0.06,13.69,17.36,78.9,2.06,4,0
2027-02-06,29.43,6.61,8.06,0.04,17.17,19.09,89.3,1.62,5,0
2027-02-07,26.32,6.77,9.5,0.08,21.05,37.39,83.2,2.03,4,0
2027-02-08,26.93,7.5,9.45,0.19,8.75,16.82,96.8,2.07,5,0
2027-02-09,26.32,7.21,8.54,0.03,20.09,28.25,86.9,2.05,2,0
2027-02-10,20.93,8.21,2.64,3.1,80.82,76.33,40.1,0.67,14,1
2027-02-11,26.7,7.12,5.68,0.53,23.0,34.42,65.0,1.78,7,0
2027-02-12,25.54,6.5,6.9,0.8,10.18,19.67,93.4,2.13,3,0
2027-02-13,21.06,6.07,3.0,1.29,73.7,89.39,33.6,0.37,19,1
2027-02-14,27.05,7.02,7.91,0.8,9.75,12.1,87.8,1.71,4,0
2027-02-15,25.42,6.64,5.5,0.03,27.86,24.61,68.8,1.75,4,0
2027-02-16,30.45,7.64,9.5,0.17,7.17,45.73,75.9,1.78,2,0
2027-02-17,28.68,7.23,8.09,0.13,33.4,12.87,81.8,2.46,3,0
2027-02-18,26.78,6.58,7.44,0.8,31.91,21.7,65.7,1.83,8,0
2027-02-19,25.8,6.65,7.8,0.53,13.13,31.75,89.8,1.71,7,0
2027-02-20,20.17,8.43,2.6,1.23,73.84,69.57,53.9,0.3,11,1
2027-02-21,25.07,6.71,7.83,0.28,17.29,46.12,86.4,1.77,2,0
2027-02-22,24.66,6.5,8.05,0.06,11.33,10.26,95.4,1.66,3,0
2027-02-23,30.6,6.97,7.77,0.52,14.37,20.8,81.6,1.74,4,0
2027-02-24,29.02,6.55,5.75,0.4,29.11,48.52,85.5,1.21,2,0
2027-02-25,25.53,6.93,6.9,0.03,13.21,13.7,65.0,1.82,3,0
2027-02-26,23.34,6.26,4.05,4.2,57.83,91.24,33.6,0.47,15,1
2027-02-27,33.0,5.92,3.44,4.42,87.03,75.25,46.1,0.47,13,1
2027-02-28,22.78,6.26,3.49,3.8,76.8,77.9,55.1,0.89,22,1
2027-03-01,24.72,7.11,5.5,0.59,23.13,16.75,75.0,1.92,2,0
2027-03-02,21.87,5.76,3.82,4.32,69.11,71.99,50.5,0.78,26,1
2027-03-03,33.0,8.49,3.11,1.6,82.85,66.46,40.4,0.7,31,1
2027-03-04,27.5,7.19,9.38,0.3,27.71,19.08,74.2,2.19,1,0
2027-03-05,27.17,7.17,7.71,0.8,30.92,23.62,88.3,1.7,1,0
2027-03-06,33.0,6.08,3.89,3.49,59.74,81.22,45.1,0.34,10,1
2027-03-07,25.79,6.69,9.03,0.02,30.74,22.55,85.7,1.28,3,0
2027-03-08,26.77,6.88,7.88,0.17,22.2,39.82,91.3,1.19,4,0
2027-03-09,26.63,7.3,8.44,0.2,9.96,26.59,80.8,2.11,4,0
2027-03-10,26.52,7.8,9.03,0.39,17.29,35.27,93.6,1.17,4,0
2027-03-11,30.87,7.26,5.5,0.04,31.47,43.14,79.3,2.32,7,0
2027-03-12,21.31,6.23,3.52,1.65,81.29,62.47,38.5,0.7,38,1
2027-03-13,26.76,6.69,8.87,0.22,34.32,49.35,84.7,1.99,6,0
2027-03-14,33.0,8.27,4.16,1.05,94.09,72.9,50.9,0.73,25,1
2027-03-15,28.42,7.05,8.08,0.46,16.0,20.89,98.7,1.64,4,0
2027-03-16,21.46,8.27,2.46,4.26,80.13,91.92,59.2,0.6,35,1
2027-03-17,25.62,7.03,8.32,0.23,5.78,29.25,92.6,1.57,8,0
2027-03-18,25.11,7.14,7.02,0.23,23.1,13.6,78.2,1.17,3,0
2027-03-19,26.1,7.08,9.5,0.06,29.72,17.21,74.0,1.29,8,0
2027-03-20,33.0,8.27,3.33,1.43,50.15,92.11,39.1,0.43,29,1
2027-03-21,26.77,7.62,5.9,0.02,33.45,32.94,97.4,1.71,4,0
2027-03-22,26.92,6.5,6.09,0.52,22.8,49.89,68.1,1.49,3,0
2027-03-23,23.59,8.42,4.23,1.9,68.92,89.21,53.1,0.79,33,1
2027-03-24,29.74,7.21,5.8,0.73,18.11,22.13,88.0,1.7,8,0
2027-03-25,27.26,6.72,7.95,0.1,16.04,34.66,89.6,1.73,4,0
2027-03-26,21.3,6.02,3.18,1.01,65.32,88.46,41.6,0.64,39,1
2027-03-27,24.99,6.86,5.5,0.02,31.2,32.74,76.1,1.62,4,0
2027-03-28,30.56,6.95,5.5,0.8,14.12,22.95,80.2,1.66,2,0
2027-03-29,28.0,6.5,5.5,0.24,22.45,44.25,94.2,1.53,3,0
2027-03-30,28.14,6.99,8.68,0.01,15.28,10.91,86.4,1.9,1,0
2027-03-31,21.67,8.43,4.36,3.48,68.98,74.93,57.6,0.65,25,1
2027-04-01,27.16,7.36,5.56,0.08,26.64,24.38,80.8,1.8,4,0
2027-04-02,29.19,6.8,5.5,0.3,30.61,28.67,98.0,1.31,4,0
2027-04-03,30.41,6.5,7.6,0.07,28.23,41.99,78.1,1.45,3,0
2027-04-04,27.55,7.45,8.62,0.32,13.87,28.53,81.5,2.07,2,0
2027-04-05,33.0,8.33,3.45,3.95,62.85,87.68,39.4,0.77,37,1
2027-04-06,29.7,7.38,7.41,0.11,15.17,40.06,78.2,1.91,2,0
2027-04-07,27.29,6.98,5.5,0.17,19.65,12.58,92.7,1.0,3,0
2027-04-08,33.0,8.46,3.02,2.09,91.0,93.92,44.9,0.47,20,1
2027-04-09,26.95,7.37,7.65,0.05,24.98,46.5,66.8,1.78,2,0
2027-04-10,26.34,6.5,9.5,0.66,13.67,31.14,93.9,2.08,1,0
2027-04-11,28.61,6.74,9.5,0.33,33.6,19.91,77.8,1.53,5,0
2027-04-12,29.07,6.92,5.5,0.27,9.11,32.46,80.0,1.74,3,0
2027-04-13,26.79,6.51,5.5,0.8,9.18,37.62,88.0,1.0,3,0
2027-04-14,26.4,7.18,6.59,0.48,19.07,37.39,89.9,1.65,5,0
2027-04-15,32.95,6.16,2.89,4.28,87.91,91.81,38.8,0.64,13,1
2027-04-16,29.48,6.65,5.5,0.21,31.52,34.16,76.1,2.17,6,0
2027-04-17,25.9,7.08,8.03,0.13,31.03,13.73,84.2,1.34,1,0
2027-04-18,23.27,8.42,3.55,3.26,66.85,67.29,51.6,0.79,23,1
2027-04-19,22.87,8.36,2.35,1.65,73.78,94.13,47.7,0.61,30,1
2027-04-20,25.22,6.95,6.4,0.27,13.61,43.92,81.2,1.4,2,0
2027-04-21,33.0,6.27,3.27,2.11,87.36,79.1,40.0,0.87,15,1
2027-04-22,29.47,7.08,7.64,0.76,13.62,16.2,78.6,2.05,2,0
2027-04-23,26.68,6.98,6.78,0.26,13.93,31.67,84.0,1.78,3,0
2027-04-24,25.67,7.64,9.5,0.06,28.1,32.22,100.0,1.76,0,0
2027-04-25,27.63,7.13,5.5,0.1,14.64,10.61,94.3,2.0,5,0
2027-04-26,29.61,7.03,6.75,0.12,15.68,11.68,74.2,1.41,4,0
2027-04-27,25.72,7.05,9.43,0.19,24.48,23.06,83.8,1.53,3,0
2027-04-28,32.98,8.25,3.36,3.78,50.87,77.69,53.2,0.36,24,1
2027-04-29,22.9,8.4,4.33,2.29,80.87,81.09,45.8,0.83,36,1
2027-04-30,27.29,7.06,5.5,0.13,28.68,13.98,72.5,1.27,5,0
2027-05-01,20.2,8.29,3.97,2.0,88.04,64.09,31.1,0.67,28,1
2027-05-02,25.97,6.87,5.5,0.12,15.32,40.42,80.1,1.73,8,0
2027-05-03,22.15,8.5,3.29,2.63,89.7,84.1,38.3,0.57,29,1
2027-05-04,26.33,7.09,9.01,0.08,28.65,37.03,84.3,1.48,4,0
2027-05-05,33.0,8.43,2.17,2.29,93.31,60.52,56.7,0.52,31,1
2027-05-06,25.79,6.7,8.28,0.75,12.37,19.77,85.2,1.24,8,0
2027-05-07,22.47,5.58,3.54,3.41,82.39,79.53,36.7,0.87,23,1
2027-05-08,33.0,8.34,2.12,1.99,78.31,80.45,49.0,0.73,31,1
2027-05-09,26.94,7.09,7.61,0.8,28.12,30.7,90.4,2.13,5,0
2027-05-10,32.61,6.06,2.26,1.99,53.97,93.97,41.9,0.84,23,1
2027-05-11,24.55,6.96,9.5,0.3,20.13,48.68,74.2,1.95,3,0
2027-05-12,25.54,6.74,8.09,0.73,7.36,43.01,79.7,2.29,2,0
2027-05-13,28.61,6.99,6.74,0.05,29.71,22.55,65.0,1.27,4,0
2027-05-14,25.09,7.5,6.57,0.3,25.56,14.97,75.6,1.65,6,0
2027-05-15,32.7,8.44,2.67,1.67,72.87,67.13,52.9,0.44,17,1
2027-05-16,28.35,6.58,5.67,0.05,30.75,44.83,99.6,2.14,5,0
2027-05-17,33.0,8.37,4.42,1.97,81.96,81.96,30.4,0.83,30,1
2027-05-18,31.46,5.58,3.09,4.2,85.61,70.69,57.7,0.5,12,1
2027-05-19,19.45,8.4,2.36,1.11,55.24,87.13,52.7,0.66,32,1
2027-05-20,30.15,7.31,7.32,0.26,6.98,15.4,78.5,1.78,3,0
2027-05-21,30.31,6.93,5.8,0.49,13.45,35.03,70.6,1.56,6,0
2027-05-22,30.28,6.76,6.18,0.8,23.46,16.57,90.5,2.27,8,0
2027-05-23,33.0,5.64,2.16,1.27,83.43,64.77,48.7,0.49,23,1
2027-05-24,29.97,7.25,6.9,0.45,10.71,16.11,74.8,1.17,8,0
2027-05-25,25.41,7.6,6.37,0.8,27.29,34.21,94.0,1.76,2,0
2027-05-26,20.81,5.57,3.9,4.06,54.39,78.36,37.9,0.52,27,1
2027-05-27,24.95,6.64,6.66,0.8,18.69,32.82,68.7,1.61,2,0
2027-05-28,26.69,6.93,5.57,0.09,6.77,40.66,95.9,1.72,3,0
2027-05-29,27.24,7.18,8.49,0.19,30.94,47.05,73.8,1.49,4,0
2027-05-30,24.62,7.02,8.66,0.05,32.99,29.51,91.7,2.14,4,0
2027-05-31,29.66,7.13,9.5,0.03,15.58,12.04,94.1,1.69,0,0
2027-06-01,31.04,5.99,3.94,3.73,66.25,90.9,30.4,0.49,12,1
2027-06-02,24.91,6.83,6.57,0.12,17.43,27.35,93.5,1.73,5,0
2027-06-03,33.0,6.13,3.53,3.15,83.95,68.12,35.0,0.76,18,1
2027-06-04,23.91,7.05,7.41,0.26,18.85,36.31,81.0,2.06,3,0
2027-06-05,19.87,6.03,2.71,2.07,59.87,87.73,40.0,0.51,37,1
2027-06-06,28.98,7.14,5.5,0.34,33.13,18.47,87.5,1.5,3,0
2027-06-07,25.91,6.64,5.56,0.1,18.66,23.48,100.0,1.78,4,0
2027-06-08,21.01,8.28,4.31,1.59,83.81,62.93,47.0,0.63,38,1
2027-06-09,21.05,8.42,2.27,4.34,73.54,91.96,30.7,0.68,18,1
2027-06-10,27.22,7.53,6.81,0.23,13.74,48.9,87.6,1.83,6,0
2027-06-11,28.03,7.04,5.94,0.47,11.04,29.4,73.9,1.81,4,0
2027-06-12,26.57,7.31,5.5,0.09,21.34,42.2,73.8,1.41,3,0
2027-06-13,25.45,7.17,7.07,0.03,31.09,25.07,88.5,1.88,3,0
2027-06-14,33.0,6.24,3.92,3.01,61.74,91.93,30.5,0.52,21,1
2027-06-15,29.04,6.77,5.5,0.8,30.85,11.8,70.8,1.32,6,0
2027-06-16,27.11,7.33,8.7,0.12,26.88,19.31,94.5,1.65,1,0
2027-06-17,19.29,8.45,3.17,1.5,85.99,72.83,52.9,0.42,12,1
2027-06-18,19.95,5.59,2.31,4.02,51.42,94.2,36.0,0.37,20,1
2027-06-19,23.56,7.07,9.39,0.48,31.28,30.4,100.0,2.41,6,0
2027-06-20,26.02,7.09,7.91,0.48,31.65,23.39,100.0,1.71,6,0
2027-06-21,26.91,6.84,6.43,0.8,12.89,36.93,75.0,2.05,3,0
2027-06-22,23.33,6.96,8.41,0.17,27.15,41.16,95.7,1.66,4,0
2027-06-23,32.6,8.46,3.36,2.47,74.04,84.62,50.9,0.51,14,1
2027-06-24,32.22,5.81,3.75,4.2,53.95,90.15,53.8,0.49,32,1
2027-06-25,23.82,7.02,8.63,0.11,8.51,43.25,96.8,2.05,6,0
2027-06-26,27.15,6.84,6.62,0.33,32.48,16.36,84.4,1.75,4,0
2027-06-27,28.63,7.55,8.82,0.33,11.16,22.8,82.1,1.63,7,0
2027-06-28,26.47,7.55,7.97,0.07,26.36,46.57,76.1,1.47,2,0
2027-06-29,27.68,6.56,5.5,0.21,10.04,35.58,83.2,1.8,5,0
2027-06-30,24.92,7.41,6.54,0.01,9.07,24.6,87.3,1.43,3,0
2027-07-01,29.02,6.89,6.87,0.1,18.99,48.98,84.1,1.67,2,0
2027-07-02,26.23,7.58,6.84,0.28,34.54,21.55,78.2,1.92,5,0
2027-07-03,32.23,8.23,2.07,2.54,90.6,89.98,42.3,0.31,11,1
2027-07-04,25.34,6.86,7.62,0.42,10.87,24.72,79.0,1.83,7,0
2027-07-05,25.62,6.87,9.5,0.01,20.61,49.36,71.6,1.73,1,0
2027-07-06,26.7,7.5,9.01,0.37,17.57,36.77,100.0,1.59,3,0
2027-07-07,24.65,6.79,9.5,0.27,17.89,28.61,76.6,1.57,1,0
2027-07-08,29.9,8.35,3.49,4.5,92.5,60.09,53.9,0.51,19,1
2027-07-09,22.74,6.95,9.5,0.63,6.54,22.04,77.0,2.29,4,0
2027-07-10,20.88,6.12,2.7,1.91,92.06,77.06,33.3,0.47,17,1
2027-07-11,27.97,7.14,7.93,0.05,26.74,30.58,88.1,1.46,6,0
2027-07-12,26.39,6.63,7.03,0.03,19.06,13.26,100.0,2.01,6,0
2027-07-13,26.91,7.39,9.01,0.6,10.42,48.06,89.0,1.97,2,0
2027-07-14,18.0,5.87,3.74,3.29,64.39,68.51,40.3,0.78,30,1
2027-07-15,24.82,6.53,6.73,0.21,8.78,43.69,83.8,2.06,6,0
2027-07-16,21.41,6.21,3.19,4.22,65.05,67.93,44.9,0.67,14,1
2027-07-17,20.74,6.04,4.33,2.93,77.92,83.26,46.8,0.81,15,1
2027-07-18,25.78,6.53,8.5,0.35,23.92,16.89,86.7,1.33,6,0
2027-07-19,24.06,7.11,7.18,0.03,23.76,26.88,82.5,1.57,7,0
2027-07-20,22.37,7.18,7.67,0.66,28.08,21.05,91.4,1.55,4,0
2027-07-21,25.35,6.5,7.43,0.21,14.97,11.27,90.5,2.27,1,0
2027-07-22,23.66,7.8,5.68,0.8,13.53,40.47,100.0,1.89,4,0
2027-07-23,27.68,6.97,9.5,0.8,33.55,20.87,73.0,1.61,4,0
2027-07-24,27.21,6.85,9.27,0.32,19.64,19.12,77.1,1.96,4,0
2027-07-25,22.21,6.83,7.44,0.76,18.7,38.89,84.6,1.77,5,0
2027-07-26,23.87,7.14,7.68,0.01,17.69,14.17,74.9,1.57,6,0
2027-07-27,24.03,6.54,7.92,0.58,29.01,19.4,88.7,1.08,4,0
2027-07-28,27.24,7.55,7.48,0.28,34.51,17.6,93.2,1.67,6,0
2027-07-29,18.0,8.49,3.11,1.96,55.94,93.07,33.9,0.51,27,1
2027-07-30,23.96,6.85,8.5,0.21,13.94,16.37,87.2,1.3,6,0
2027-07-31,23.12,7.45,6.41,0.25,19.6,37.92,75.3,1.62,4,0
2027-08-01,25.25,6.64,7.34,0.08,6.61,41.17,65.5,1.28,2,0
2027-08-02,27.42,6.5,7.08,0.41,31.31,24.83,70.8,1.11,4,0
2027-08-03,18.0,5.82,2.73,1.23,53.68,64.41,55.1,0.69,39,1
2027-08-04,26.11,6.98,9.5,0.11,28.38,22.91,83.4,1.47,2,0
2027-08-05,21.88,6.54,8.22,0.1,16.02,28.01,83.1,1.97,3,0
2027-08-06,23.57,7.15,6.82,0.48,13.16,41.84,79.9,2.17,7,0
2027-08-07,25.29,6.75,7.75,0.22,6.5,21.55,100.0,1.0,5,0
2027-08-08,25.49,7.24,8.33,0.65,26.47,24.55,82.7,1.51,6,0
2027-08-09,26.83,7.39,7.92,0.2,27.62,44.71,83.9,1.69,6,0
2027-08-10,30.16,8.42,3.56,1.84,86.15,73.8,43.8,0.69,18,1
2027-08-11,24.79,6.68,6.76,0.32,11.15,28.82,100.0,2.01,3,0
2027-08-12,27.69,6.88,8.1,0.16,28.12,49.2,82.0,1.97,4,0
2027-08-13,29.79,8.46,4.24,4.18,83.28,63.74,43.1,0.38,28,1
2027-08-14,21.64,7.51,8.24,0.02,19.49,29.36,77.1,1.84,3,0
2027-08-15,24.22,7.34,8.77,0.5,10.93,11.43,82.9,1.93,3,0
2027-08-16,24.5,6.56,7.01,0.08,6.88,15.86,88.8,1.59,4,0
2027-08-17,31.27,5.92,3.26,4.16,75.93,75.63,50.0,0.8,13,1
2027-08-18,29.4,8.23,3.73,3.37,86.93,93.04,49.8,0.59,19,1
2027-08-19,23.65,7.21,6.95,0.28,18.59,18.9,89.3,1.78,5,0
2027-08-20,26.57,6.9,8.2,0.1,33.14,36.13,99.2,1.72,4,0
2027-08-21,25.32,6.98,7.85,0.31,21.87,40.46,87.8,2.0,4,0
2027-08-22,30.03,6.07,3.62,4.29,82.1,87.87,57.1,0.71,15,1
2027-08-23,26.13,6.68,7.08,0.37,16.81,14.75,89.0,1.51,5,0
2027-08-24,25.41,6.8,9.5,0.04,14.62,17.75,69.9,2.08,4,0
2027-08-25,26.82,7.15,6.95,0.03,21.86,33.74,80.9,1.62,8,0
2027-08-26,26.66,7.28,6.66,0.32,13.41,41.89,75.0,1.64,8,0
2027-08-27,27.35,6.92,8.89,0.28,25.84,25.0,78.3,1.28,8,0
2027-08-28,18.02,8.49,3.95,2.93,58.17,75.08,52.7,0.71,33,1
2027-08-29,23.65,7.22,9.5,0.26,34.9,21.12,89.1,2.12,8,0
2027-08-30,25.25,6.9,8.16,0.09,15.7,47.62,75.8,1.6,3,0
2027-08-31,23.85,6.95,8.33,0.15,27.38,15.36,77.7,1.59,3,0
2027-09-01,25.6,6.66,6.49,0.19,20.5,44.19,84.0,1.6,2,0
2027-09-02,24.62,7.0,8.03,0.41,25.49,44.0,91.9,1.47,5,0
2027-09-03,23.69,6.5,5.5,0.34,28.36,44.96,76.2,1.8,4,0
2027-09-04,18.1,6.12,3.87,4.13,53.43,92.55,41.9,0.85,10,1
2027-09-05,23.5,6.82,9.5,0.24,16.0,17.84,77.0,1.48,4,0
2027-09-06,28.56,5.55,3.36,2.19,81.79,88.93,40.4,0.35,22,1
2027-09-07,19.03,5.87,3.45,3.27,73.25,66.38,53.9,0.9,33,1
2027-09-08,18.81,5.55,2.61,2.39,64.81,86.99,57.5,0.81,21,1
2027-09-09,26.25,7.25,9.5,0.75,31.52,43.68,92.6,1.72,0,0
2027-09-10,29.87,6.17,2.9,4.0,90.63,77.48,43.4,0.76,28,1
2027-09-11,30.0,8.29,3.68,2.52,64.59,86.03,36.1,0.42,26,1
2027-09-12,25.43,7.27,6.82,0.71,18.56,10.36,78.3,1.97,0,0
2027-09-13,27.09,7.06,7.63,0.21,13.72,22.21,93.5,1.63,1,0
2027-09-14,26.89,7.63,6.78,0.19,9.3,30.31,93.2,2.2,5,0
2027-09-15,23.09,7.4,9.5,0.03,27.07,11.72,73.5,1.87,6,0
2027-09-16,21.96,6.89,5.55,0.25,26.42,11.21,93.0,1.24,4,0
2027-09-17,21.55,6.94,5.69,0.03,21.41,40.55,74.4,2.07,4,0
2027-09-18,24.62,6.79,7.9,0.36,26.74,49.74,95.9,2.04,5,0
2027-09-19,25.98,7.22,8.02,0.11,27.81,19.61,76.5,1.36,0,0
2027-09-20,26.1,7.1,6.33,0.78,34.08,19.44,79.7,2.03,4,0
2027-09-21,27.03,6.75,7.98,0.8,17.83,38.94,85.7,1.64,3,0
2027-09-22,23.2,7.63,7.45,0.02,31.28,47.56,94.1,1.78,2,0
2027-09-23,25.71,6.5,8.96,0.14,30.82,35.36,71.0,1.51,5,0
2027-09-24,21.77,6.79,6.11,0.02,14.12,22.83,85.9,1.85,2,0
2027-09-25,21.64,7.14,8.92,0.56,6.81,33.87,65.0,1.51,6,0
2027-09-26,25.7,7.36,6.94,0.04,25.16,10.14,82.0,1.46,4,0
2027-09-27,22.83,6.75,9.5,0.03,13.9,47.06,86.2,1.9,5,0
2027-09-28,23.78,6.59,7.04,0.32,26.98,15.0,75.9,1.48,4,0
2027-09-29,18.0,8.22,3.88,3.76,75.84,63.14,56.7,0.88,10,1
2027-09-30,24.28,7.36,7.13,0.22,17.02,47.19,65.0,1.45,5,0
2027-10-01,18.0,5.82,2.17,1.51,74.58,62.16,56.4,0.39,19,1
2027-10-02,25.6,7.22,8.09,0.31,32.86,43.7,80.7,1.14,2,0
2027-10-03,31.69,8.42,2.12,3.77,60.1,69.3,32.8,0.62,36,1
2027-10-04,27.0,6.86,8.77,0.05,16.87,36.24,76.7,1.84,3,0
2027-10-05,25.08,7.02,6.3,0.31,26.32,35.75,78.5,2.07,2,0
2027-10-06,23.46,6.81,8.73,0.55,12.58,15.36,87.7,1.31,5,0
2027-10-07,24.42,7.06,9.07,0.08,17.1,49.03,98.3,1.85,6,0
2027-10-08,26.03,6.81,8.87,0.8,23.7,45.92,91.8,1.82,7,0
2027-10-09,21.84,7.7,6.17,0.16,9.86,17.12,86.9,1.49,1,0
2027-10-10,18.0,6.11,3.0,1.79,65.87,85.5,48.3,0.35,19,1
2027-10-11,24.54,6.66,6.78,0.03,26.89,10.33,90.0,1.51,2,0
2027-10-12,24.82,7.17,7.15,0.06,10.64,32.61,100.0,1.54,4,0
2027-10-13,21.04,7.5,8.78,0.03,10.9,49.15,81.8,1.59,6,0
2027-10-14,28.58,5.64,2.74,2.96,83.46,80.86,58.6,0.66,25,1
2027-10-15,30.23,5.65,3.53,1.78,78.76,94.04,58.4,0.44,28,1
2027-10-16,23.17,6.97,5.92,0.8,17.56,44.54,89.6,1.23,4,0
2027-10-17,18.0,8.41,3.67,2.49,94.46,65.36,44.3,0.69,10,1
2027-10-18,22.22,7.2,8.0,0.03,21.72,12.67,100.0,2.5,4,0
2027-10-19,22.69,7.04,6.08,0.5,8.85,13.98,90.1,1.86,3,0
2027-10-20,27.11,6.5,8.84,0.31,10.97,25.88,92.4,1.67,4,0
2027-10-21,18.07,6.16,3.4,3.95,58.25,89.68,47.3,0.46,14,1
2027-10-22,30.58,8.24,3.78,1.54,74.3,62.82,53.0,0.65,36,1
2027-10-23,22.62,7.35,5.5,0.8,24.4,14.45,78.7,2.2,7,0
2027-10-24,24.07,6.64,8.92,0.01,27.16,34.75,84.5,1.68,4,0
2027-10-25,25.79,7.37,6.0,0.36,34.81,28.79,71.5,1.65,6,0
2027-10-26,23.72,7.31,8.91,0.51,19.26,39.51,68.2,1.54,4,0
2027-10-27,18.0,8.49,2.87,3.28,90.16,73.48,50.8,0.38,24,1
2027-10-28,29.03,5.61,2.95,4.1,61.35,75.86,49.2,0.83,32,1
2027-10-29,26.95,7.03,5.5,0.23,30.99,22.16,90.5,1.78,4,0
2027-10-30,23.97,6.84,8.85,0.02,20.89,31.47,79.4,2.05,5,0
2027-10-31,25.23,6.9,8.57,0.74,27.74,26.03,76.6,2.14,8,0
2027-11-01,23.87,6.84,8.13,0.23,28.85,17.79,100.0,1.69,5,0
2027-11-02,24.97,7.05,6.48,0.8,6.38,36.39,78.1,1.9,2,0
2027-11-03,29.79,8.3,3.42,2.14,68.49,71.12,47.5,0.86,20,1
2027-11-04,25.76,6.98,7.21,0.15,24.3,30.72,88.3,1.58,5,0
2027-11-05,27.36,6.69,9.42,0.02,20.16,34.07,79.1,1.36,4,0
2027-11-06,24.64,7.14,6.7,0.01,24.38,35.28,100.0,1.67,7,0
2027-11-07,31.12,5.97,3.58,2.89,56.78,76.14,46.3,0.87,32,1
2027-11-08,19.75,5.65,4.06,3.06,85.26,64.4,49.2,0.87,28,1
2027-11-09,22.47,7.17,7.03,0.06,18.76,33.52,97.9,1.72,4,0
2027-11-10,32.35,5.6,2.58,1.05,79.4,77.26,53.5,0.72,11,1
2027-11-11,31.4,5.88,3.43,2.95,87.17,66.44,52.5,0.76,18,1
2027-11-12,28.74,8.35,3.36,4.41,81.28,77.21,53.3,0.74,35,1
2027-11-13,22.22,6.97,8.95,0.8,18.25,20.71,97.5,1.72,7,0
2027-11-14,24.33,6.68,7.54,0.11,14.23,10.16,76.7,1.61,3,0
2027-11-15,22.19,7.7,5.5,0.04,27.98,47.12,93.6,1.74,6,0
2027-11-16,25.33,6.68,9.29,0.07,7.4,38.35,100.0,1.74,4,0
2027-11-17,27.51,6.81,7.32,0.03,11.97,18.88,87.8,1.74,4,0
2027-11-18,24.1,6.86,9.13,0.43,30.36,42.84,98.1,1.97,4,0
2027-11-19,30.63,8.33,4.45,4.49,89.84,62.78,42.8,0.62,25,1
2027-11-20,22.5,7.07,5.94,0.15,20.48,30.27,77.9,1.48,6,0
2027-11-21,25.91,7.15,8.41,0.33,27.8,49.18,77.8,1.67,2,0
2027-11-22,26.97,6.66,7.04,0.69,7.4,43.6,97.4,1.55,5,0
2027-11-23,32.78,5.92,4.43,1.63,59.61,60.59,51.7,0.69,20,1
2027-11-24,26.71,7.34,8.03,0.14,18.66,37.95,83.3,1.51,1,0
2027-11-25,29.63,6.0,2.69,1.07,66.12,69.07,50.6,0.48,37,1
2027-11-26,27.19,6.86,9.5,0.11,11.28,25.52,77.4,2.19,5,0
2027-11-27,27.11,7.02,5.82,0.22,22.25,39.81,81.6,1.46,3,0
2027-11-28,19.77,5.69,3.3,2.22,61.42,68.52,33.0,0.79,35,1
2027-11-29,32.37,8.29,3.2,1.89,64.68,62.51,38.8,0.33,15,1
2027-11-30,32.02,5.88,4.27,4.1,85.47,76.63,39.2,0.6,13,1
2027-12-01,27.81,7.23,8.43,0.17,33.5,38.44,96.8,1.24,6,0
2027-12-02,22.04,6.97,6.42,0.13,11.41,46.36,84.1,2.0,1,0
2027-12-03,25.29,6.86,8.76,0.06,16.14,44.38,87.3,1.49,4,0
2027-12-04,25.02,6.64,8.54,0.8,22.11,46.28,80.9,1.96,5,0
2027-12-05,22.98,6.79,6.47,0.16,14.67,38.82,78.7,1.39,4,0
2027-12-06,32.15,8.4,4.39,3.47,60.5,67.26,55.7,0.41,12,1
2027-12-07,27.6,6.58,5.5,0.07,20.37,27.55,77.6,1.55,2,0
2027-12-08,21.02,8.29,3.85,3.62,79.3,85.63,32.6,0.74,19,1
2027-12-09,24.77,7.0,7.81,0.15,28.54,35.98,81.1,1.96,1,0
2027-12-10,25.65,7.06,6.65,0.8,31.36,33.64,65.0,1.27,1,0
2027-12-11,26.63,7.35,7.03,0.77,23.51,34.14,75.6,1.74,4,0
2027-12-12,27.04,6.76,6.72,0.18,11.52,45.94,93.1,1.21,4,0
2027-12-13,25.83,7.45,5.5,0.02,19.49,44.69,85.3,1.78,2,0
2027-12-14,32.34,8.38,3.17,3.98,50.57,70.44,59.9,0.56,28,1
2027-12-15,18.0,8.42,3.9,2.16,76.02,63.43,58.1,0.5,34,1
2027-12-16,22.49,7.14,7.04,0.8,6.17,12.36,86.2,1.64,6,0
2027-12-17,18.0,5.92,2.42,3.79,58.02,62.72,55.1,0.89,13,1
2027-12-18,27.35,7.57,6.62,0.03,33.87,27.29,100.0,1.82,3,0
2027-12-19,28.59,6.94,9.5,0.28,8.2,32.42,85.8,1.47,7,0
2027-12-20,25.32,7.1,7.45,0.05,25.06,37.36,96.4,1.57,2,0
2027-12-21,23.09,6.77,9.16,0.8,24.37,28.22,65.0,1.44,5,0
2027-12-22,26.7,7.03,8.73,0.52,24.13,36.18,82.7,1.75,7,0
2027-12-23,20.59,8.25,3.87,2.61,57.36,68.82,41.0,0.34,37,1
2027-12-24,23.87,6.96,6.54,0.16,15.01,32.31,75.2,1.16,4,0
2027-12-25,23.4,7.8,9.09,0.8,23.88,44.98,90.9,1.7,2,0
2027-12-26,25.75,7.52,6.15,0.2,18.11,21.61,69.5,1.34,2,0
2027-12-27,22.86,7.44,7.07,0.47,31.69,38.1,73.8,1.75,2,0
2027-12-28,25.0,7.36,9.5,0.33,12.1,27.79,99.1,2.11,7,0
2027-12-29,23.48,7.09,6.95,0.8,26.52,20.02,81.0,1.97,5,0
2027-12-30,20.82,5.71,2.11,3.5,91.84,85.1,47.4,0.44,13,1
2027-12-31,29.0,6.95,6.11,0.46,18.51,20.48,77.5,1.84,1,0
2028-01-01,26.39,7.3,9.5,0.21,32.48,47.55,70.7,1.39,7,0
2028-01-02,30.39,5.91,2.27,1.18,64.45,94.8,40.4,0.76,17,1
2028-01-03,18.86,8.33,3.12,1.56,73.93,69.85,32.9,0.58,34,1
2028-01-04,31.22,8.24,4.28,1.32,66.4,87.76,51.1,0.32,12,1
2028-01-05,23.17,6.69,6.88,0.16,21.66,11.18,71.6,2.19,0,0
2028-01-06,27.94,7.43,8.09,0.15,26.02,33.34,65.0,1.77,6,0
2028-01-07,24.91,7.01,9.5,0.15,32.46,19.23,77.5,1.3,7,0
2028-01-08,31.02,6.01,3.59,3.42,59.8,91.24,50.0,0.82,13,1
2028-01-09,29.31,6.93,7.94,0.28,33.97,49.18,81.6,1.74,4,0
2028-01-10,27.16,6.78,8.96,0.37,26.0,17.39,95.5,1.79,6,0
2028-01-11,20.27,8.4,3.1,2.82,94.39,93.88,42.4,0.71,12,1
2028-01-12,23.72,7.29,6.61,0.06,17.73,43.36,84.9,2.47,5,0
2028-01-13,25.24,6.96,7.13,0.15,18.23,34.75,82.1,1.91,2,0
2028-01-14,26.18,6.82,7.12,0.37,14.07,11.8,88.9,2.07,6,0
2028-01-15,26.93,6.67,7.48,0.25,19.76,30.72,65.2,1.08,6,0
2028-01-16,24.08,7.1,7.39,0.17,6.85,42.6,82.9,1.9,1,0
2028-01-17,26.08,6.99,7.29,0.78,16.53,13.72,84.8,1.12,4,0
2028-01-18,32.99,5.78,2.25,3.19,55.09,68.93,35.3,0.4,38,1
2028-01-19,27.89,6.75,8.74,0.35,20.69,35.99,78.8,1.62,6,0
2028-01-20,28.55,7.08,7.88,0.19,33.92,37.18,85.2,1.81,6,0
2028-01-21,29.71,7.31,8.53,0.3,17.93,32.68,86.5,1.55,8,0
2028-01-22,28.66,6.81,6.39,0.71,30.21,10.4,77.5,1.68,7,0
2028-01-23,25.97,6.97,9.5,0.8,6.11,31.6,85.5,1.23,4,0
2028-01-24,26.19,6.78,5.5,0.11,12.09,46.89,77.0,2.06,3,0
2028-01-25,22.31,5.69,4.02,2.43,74.04,93.79,38.9,0.45,30,1
2028-01-26,24.48,7.02,7.6,0.4,18.82,37.08,83.5,2.36,4,0
2028-01-27,28.19,6.82,9.4,0.05,12.54,18.59,82.8,2.22,8,0
2028-01-28,33.0,8.34,2.97,4.1,88.42,80.96,38.2,0.59,25,1
2028-01-29,29.54,6.95,5.5,0.36,15.57,42.84,65.0,1.32,2,0
2028-01-30,24.45,6.74,6.36,0.02,10.71,27.85,67.4,1.71,6,0
2028-01-31,28.04,7.09,7.89,0.15,29.57,10.48,78.8,1.6,2,0
2028-02-01,27.61,7.28,8.45,0.22,15.73,10.09,86.2,1.16,3,0
2028-02-02,26.71,6.94,8.4,0.17,23.97,13.03,79.8,1.2,3,0
2028-02-03,28.42,7.41,6.03,0.28,5.59,17.91,65.0,1.37,5,0
2028-02-04,27.27,7.19,5.86,0.5,16.21,38.05,83.7,1.37,3,0
2028-02-05,21.72,5.95,4.11,2.64,87.31,87.35,50.1,0.57,16,1
2028-02-06,31.83,5.94,4.4,1.13,91.71,66.34,57.4,0.33,22,1
2028-02-07,25.27,6.87,9.2,0.01,25.45,26.44,92.5,1.9,7,0
2028-02-08,19.76,8.45,2.96,2.43,70.85,62.59,38.2,0.81,37,1
2028-02-09,29.19,6.62,5.5,0.53,26.83,25.74,85.3,1.26,2,0
2028-02-10,27.68,7.11,7.78,0.3,33.56,13.69,86.5,1.51,3,0
2028-02-11,20.67,8.29,2.17,1.19,76.39,91.06,45.9,0.83,23,1
2028-02-12,22.51,8.29,2.06,1.1,64.88,87.36,38.6,0.5,12,1
2028-02-13,24.49,7.09,9.5,0.55,33.79,34.22,80.3,1.59,1,0
2028-02-14,32.75,5.5,3.18,1.97,92.88,63.02,58.2,0.49,32,1
2028-02-15,27.46,7.23,6.76,0.07,26.64,27.83,83.2,1.43,2,0
2028-02-16,24.45,7.05,6.52,0.07,32.9,10.37,73.5,2.01,2,0
2028-02-17,27.93,7.06,8.01,0.21,28.0,15.22,96.3,1.86,7,0
2028-02-18,27.12,7.23,7.14,0.06,15.68,45.06,81.8,2.27,4,0
2028-02-19,24.52,7.27,5.66,0.05,25.24,11.43,100.0,2.05,2,0
2028-02-20,30.5,6.75,5.97,0.12,20.89,43.86,89.7,2.1,2,0
2028-02-21,25.2,6.67,8.5,0.39,7.44,28.04,73.3,1.96,5,0
2028-02-22,19.72,8.21,3.44,1.45,57.96,64.63,39.2,0.53,13,1
2028-02-23,30.56,6.95,5.5,0.22,25.28,39.08,81.3,1.99,5,0
2028-02-24,21.01,8.42,3.45,1.77,73.67,60.39,44.3,0.5,29,1
2028-02-25,22.55,8.39,3.67,2.03,92.02,75.82,37.5,0.49,15,1
2028-02-26,24.66,7.29,6.61,0.27,34.26,29.1,92.2,1.92,3,0
2028-02-27,27.68,7.21,9.5,0.04,16.71,38.28,99.7,1.45,3,0
2028-02-28,22.81,5.73,4.32,3.36,86.12,61.73,48.0,0.62,13,1
2028-02-29,21.13,8.37,3.73,4.16,93.41,89.26,36.3,0.47,27,1
2028-03-01,27.36,6.97,7.97,0.4,12.72,30.35,65.6,1.88,2,0
2028-03-02,33.0,8.27,2.59,3.73,77.27,67.2,37.7,0.79,29,1
2028-03-03,26.43,7.16,9.23,0.01,8.7,19.83,87.1,1.43,4,0
2028-03-04,21.23,5.6,3.96,4.0,56.47,65.02,39.2,0.34,33,1
2028-03-05,26.65,6.96,6.5,0.01,27.38,18.92,84.8,1.92,7,0
2028-03-06,26.05,6.7,5.9,0.08,14.16,37.16,91.6,1.8,3,0
2028-03-07,29.28,6.67,6.48,0.19,24.99,25.4,91.3,1.94,8,0
2028-03-08,33.0,8.37,2.08,4.03,67.83,69.24,46.9,0.55,14,1
2028-03-09,29.58,6.69,8.23,0.03,22.17,48.14,99.9,2.07,7,0
2028-03-10,25.08,6.94,7.24,0.12,29.07,18.04,100.0,1.76,6,0
2028-03-11,29.96,7.49,5.99,0.8,30.74,39.83,94.2,1.72,6,0
2028-03-12,27.14,6.96,7.82,0.14,34.52,32.64,91.6,1.0,4,0
2028-03-13,22.12,8.42,3.23,2.7,78.28,63.88,48.2,0.58,26,1
2028-03-14,26.94,7.12,9.23,0.12,17.75,42.17,85.8,1.63,2,0
2028-03-15,27.6,6.5,9.29,0.17,25.78,28.09,77.5,1.66,6,0
2028-03-16,29.05,6.51,9.13,0.01,6.38,42.43,76.5,1.13,3,0
2028-03-17,26.36,6.5,9.5,0.49,20.75,19.67,80.4,1.31,2,0
2028-03-18,28.56,6.73,8.23,0.14,8.05,33.3,71.8,2.04,7,0
2028-03-19,21.0,8.32,2.28,4.15,90.17,63.87,53.9,0.57,16,1
2028-03-20,30.29,6.57,8.37,0.5,28.97,49.56,88.2,1.61,8,0
2028-03-21,23.91,8.5,4.45,2.08,84.08,79.54,36.9,0.31,10,1
2028-03-22,27.6,6.75,7.59,0.39,20.99,45.34,85.9,1.35,2,0
2028-03-23,22.42,5.57,4.3,3.05,85.07,86.36,37.7,0.49,23,1
2028-03-24,33.0,8.24,2.49,3.75,60.38,63.43,44.4,0.79,38,1
2028-03-25,23.16,8.32,3.28,2.55,69.07,78.99,59.5,0.79,23,1
2028-03-26,27.66,6.5,7.69,0.67,18.17,21.68,89.6,1.43,1,0
2028-03-27,30.43,6.77,9.5,0.08,16.56,11.07,92.2,1.36,5,0
2028-03-28,30.24,7.01,5.5,0.19,28.85,43.33,93.4,1.53,3,0
2028-03-29,28.3,6.99,7.31,0.4,5.16,16.07,73.1,1.51,1,0
2028-03-30,30.66,7.0,5.5,0.8,20.56,48.57,99.7,2.0,2,0
2028-03-31,26.83,7.57,6.42,0.61,27.95,41.63,83.8,1.44,1,0
2028-04-01,20.19,5.72,2.58,3.29,71.1,76.04,53.1,0.57,28,1
2028-04-02,29.89,6.71,8.12,0.29,30.57,14.82,96.7,1.22,4,0
2028-04-03,29.42,7.03,8.24,0.02,31.5,36.97,79.5,1.35,6,0
2028-04-04,27.02,6.52,5.73,0.07,31.92,18.7,93.7,1.79,2,0
2028-04-05,30.92,6.71,6.91,0.15,29.67,18.24,88.9,1.7,5,0
2028-04-06,33.0,8.27,3.27,2.46,94.77,65.17,47.8,0.83,32,1
2028-04-07,30.22,7.32,5.74,0.8,5.08,30.4,85.3,1.57,0,0
2028-04-08,30.1,6.77,7.28,0.06,23.77,31.76,86.9,1.55,8,0
2028-04-09,25.48,6.95,6.32,0.52,29.4,15.55,65.0,1.15,4,0
2028-04-10,27.42,7.36,7.7,0.25,5.21,49.24,95.6,1.83,6,0
2028-04-11,27.1,7.4,5.5,0.1,12.26,22.97,82.0,2.09,2,0
2028-04-12,26.07,7.04,5.5,0.17,12.75,11.27,92.2,1.55,5,0
2028-04-13,29.57,7.01,7.17,0.09,19.07,12.91,74.3,1.7,4,0
2028-04-14,28.74,6.89,6.66,0.8,12.68,47.45,83.8,1.96,7,0
2028-04-15,26.89,6.67,7.35,0.17,23.09,32.92,69.3,1.84,5,0
2028-04-16,25.69,7.44,8.67,0.01,21.9,46.93,83.4,1.75,2,0
2028-04-17,29.53,6.84,7.66,0.08,22.83,11.42,88.2,2.01,3,0
2028-04-18,28.09,7.16,9.5,0.2,18.27,47.88,70.5,1.45,5,0
2028-04-19,33.0,5.94,2.54,3.97,87.15,91.2,57.5,0.6,32,1
2028-04-20,20.25,8.27,2.93,4.12,77.54,90.67,45.8,0.35,34,1
2028-04-21,27.79,7.17,9.42,0.09,8.12,20.11,89.1,1.7,1,0
2028-04-22,29.44,6.87,6.73,0.49,29.23,38.21,75.2,1.14,2,0
2028-04-23,32.08,8.49,3.85,1.19,64.33,79.68,42.1,0.46,20,1
2028-04-24,26.8,7.42,6.44,0.01,25.85,47.39,82.7,1.68,2,0
2028-04-25,20.04,8.35,3.95,2.84,93.05,76.84,50.3,0.61,18,1
2028-04-26,25.88,7.06,5.5,0.34,14.45,32.74,100.0,2.17,6,0
2028-04-27,33.0,8.29,4.26,1.97,55.79,68.67,47.3,0.85,32,1
2028-04-28,22.25,5.52,2.56,1.42,72.55,82.62,48.0,0.73,34,1
2028-04-29,29.6,7.5,8.68,0.4,26.81,47.45,77.1,1.43,3,0
2028-04-30,33.0,8.43,3.93,1.79,89.55,62.36,42.4,0.35,28,1
2028-05-01,20.33,5.85,3.05,4.45,76.09,89.74,58.9,0.71,35,1
2028-05-02,21.96,6.23,2.14,3.56,62.27,80.02,37.3,0.8,20,1
2028-05-03,29.68,7.29,5.7,0.1,9.45,28.34,66.1,1.78,5,0
2028-05-04,29.15,6.77,7.68,0.03,33.03,38.11,75.8,1.34,3,0
2028-05-05,28.46,7.3,6.56,0.26,25.3,36.46,90.1,1.6,5,0
2028-05-06,26.01,6.84,7.56,0.31,20.52,18.81,84.3,1.09,3,0
2028-05-07,27.52,7.23,9.5,0.15,16.11,37.02,94.6,2.06,6,0
2028-05-08,24.59,7.36,9.5,0.2,6.87,48.06,84.6,2.05,4,0
2028-05-09,28.76,7.47,6.03,0.03,5.04,18.26,80.3,1.26,4,0
2028-05-10,20.46,8.21,2.72,2.81,80.03,66.77,37.4,0.6,34,1
2028-05-11,22.92,8.42,4.11,1.6,70.36,71.17,38.5,0.82,38,1
2028-05-12,26.48,7.21,5.99,0.23,34.58,24.46,78.8,2.09,2,0
2028-05-13,31.52,8.48,3.53,3.91,72.67,63.29,48.5,0.71,39,1
2028-05-14,21.83,8.41,2.43,1.42,51.5,72.73,40.1,0.56,13,1
2028-05-15,25.72,7.46,9.5,0.15,31.5,14.4,67.2,1.42,4,0
2028-05-16,28.11,6.5,7.58,0.04,27.08,25.27,86.1,1.65,4,0
2028-05-17,28.1,7.55,8.17,0.27,21.96,35.7,65.2,1.65,1,0
2028-05-18,19.79,6.08,2.99,4.37,75.58,87.0,55.8,0.83,11,1
2028-05-19,28.54,6.5,9.41,0.08,14.72,19.31,80.5,1.62,4,0
2028-05-20,27.54,6.97,8.61,0.02,23.89,18.75,76.8,2.04,5,0
2028-05-21,30.13,7.05,5.5,0.27,15.87,36.55,84.2,1.77,4,0
2028-05-22,28.27,6.98,8.09,0.12,13.71,20.83,79.4,1.31,2,0
2028-05-23,24.51,7.29,6.25,0.05,33.22,16.82,73.0,1.54,3,0
2028-05-24,33.0,8.22,4.25,3.07,89.63,77.21,36.0,0.74,16,1
2028-05-25,25.95,7.47,9.39,0.03,20.91,18.58,85.1,2.07,1,0
2028-05-26,21.83,8.29,4.28,1.99,51.23,82.94,48.1,0.32,23,1
2028-05-27,33.0,8.32,2.74,1.12,92.83,77.55,45.1,0.85,37,1
2028-05-28,24.37,6.78,5.86,0.41,27.01,46.49,88.2,1.0,6,0
2028-05-29,33.0,6.01,2.05,3.4,58.66,74.79,48.7,0.82,19,1
2028-05-30,26.36,7.27,5.5,0.24,8.87,11.46,74.9,1.73,6,0
2028-05-31,25.42,7.55,9.09,0.33,23.55,36.58,79.7,1.14,5,0
2028-06-01,31.67,8.49,2.83,3.24,80.33,75.98,32.4,0.72,39,1
2028-06-02,27.02,6.83,6.32,0.21,26.42,12.13,86.2,1.83,3,0
2028-06-03,29.91,7.09,7.13,0.37,5.76,10.38,77.5,1.57,5,0
2028-06-04,26.41,7.8,8.2,0.65,8.27,20.64,86.1,1.81,4,0
2028-06-05,27.62,6.72,8.26,0.37,27.24,45.48,88.2,1.37,6,0
2028-06-06,19.32,8.26,3.7,1.16,85.19,73.33,32.9,0.64,29,1
2028-06-07,23.79,6.5,7.59,0.03,23.5,19.66,72.1,1.92,3,0
2028-06-08,29.76,7.04,8.68,0.39,31.39,46.24,100.0,2.23,8,0
2028-06-09,33.0,8.44,2.46,2.65,80.49,79.79,57.7,0.32,32,1
2028-06-10,27.58,7.37,7.82,0.29,16.41,37.65,85.7,2.2,5,0
2028-06-11,26.21,6.5,8.36,0.08,25.16,25.09,97.6,1.88,7,0
2028-06-12,20.09,5.81,4.34,3.28,57.14,80.29,46.3,0.82,22,1
2028-06-13,21.99,8.21,3.97,1.14,86.95,64.85,40.8,0.58,16,1
2028-06-14,26.88,6.75,6.84,0.18,8.28,49.75,78.7,1.84,7,0
2028-06-15,25.41,6.6,8.06,0.48,6.12,42.25,85.3,1.67,2,0
2028-06-16,20.54,8.24,2.32,1.42,94.73,66.31,56.9,0.89,33,1
2028-06-17,25.14,7.28,8.38,0.74,31.74,45.41,87.3,2.11,6,0
2028-06-18,24.26,7.12,9.5,0.38,15.06,12.67,77.8,1.91,6,0
2028-06-19,26.48,6.73,5.5,0.11,9.93,27.03,82.0,1.66,7,0
2028-06-20,28.57,7.1,6.12,0.34,24.69,27.88,74.0,1.93,4,0
2028-06-21,20.21,8.37,3.96,2.14,86.68,74.06,46.8,0.41,28,1
2028-06-22,19.47,5.55,2.66,3.47,88.47,60.8,47.0,0.32,30,1
2028-06-23,27.34,6.79,5.5,0.42,18.43,37.3,89.8,1.47,5,0
2028-06-24,26.86,6.99,8.59,0.11,26.91,40.64,88.7,1.57,5,0
2028-06-25,28.04,7.06,6.23,0.22,26.18,34.09,92.1,1.88,6,0
2028-06-26,20.48,6.09,3.56,3.09,93.01,78.52,40.7,0.61,14,1
2028-06-27,25.81,7.02,5.5,0.04,32.07,39.99,87.2,1.85,3,0
2028-06-28,29.09,6.74,7.15,0.4,13.81,23.36,95.7,2.18,3,0
2028-06-29,23.98,7.06,5.5,0.33,26.75,40.17,84.0,1.57,4,0
2028-06-30,21.01,8.3,3.02,2.62,82.1,72.92,46.4,0.48,36,1
2028-07-01,27.82,7.27,8.71,0.01,32.74,43.21,93.5,1.82,3,0
2028-07-02,22.95,7.03,8.66,0.05,21.74,40.81,94.7,1.96,2,0
2028-07-03,28.86,7.22,8.94,0.08,8.33,29.99,86.7,1.86,1,0
2028-07-04,28.04,7.28,8.71,0.4,34.68,26.37,75.0,1.88,5,0
2028-07-05,32.34,6.17,2.62,2.21,78.63,68.63,37.0,0.47,11,1
2028-07-06,19.63,6.03,3.63,4.09,75.03,81.94,32.1,0.38,34,1
2028-07-07,24.54,6.93,8.83,0.41,8.6,41.14,73.6,2.14,3,0
2028-07-08,23.63,6.85,5.5,0.07,9.04,34.04,65.0,1.66,2,0
2028-07-09,23.67,7.58,7.98,0.12,9.04,32.01,80.7,1.8,3,0
2028-07-10,26.06,7.15,6.64,0.07,14.65,12.46,74.4,1.98,4,0
2028-07-11,24.83,6.6,9.5,0.02,30.1,29.18,100.0,1.69,5,0
2028-07-12,26.02,7.29,9.5,0.03,32.9,27.81,92.6,1.8,5,0
2028-07-13,22.94,6.5,6.97,0.33,26.8,41.07,65.0,2.01,4,0
2028-07-14,26.72,6.75,6.7,0.03,18.54,15.01,79.5,1.58,6,0
2028-07-15,22.51,7.09,8.6,0.46,18.86,48.16,87.9,1.7,1,0
2028-07-16,32.57,5.56,2.77,2.63,52.94,77.46,37.4,0.46,14,1
2028-07-17,26.13,7.13,7.7,0.19,33.82,47.52,87.3,1.88,3,0
2028-07-18,27.95,6.69,7.5,0.51,9.7,49.09,66.3,1.72,5,0
2028-07-19,23.84,7.08,9.5,0.06,19.61,46.85,99.7,1.93,2,0
2028-07-20,26.01,6.5,9.04,0.05,27.51,36.91,94.1,1.33,1,0
2028-07-21,32.22,6.02,3.81,1.99,76.5,65.02,42.1,0.32,32,1
2028-07-22,28.28,6.76,6.98,0.16,7.62,14.63,86.3,1.8,3,0
2028-07-23,25.59,6.8,7.05,0.06,21.61,45.48,79.5,2.13,7,0
2028-07-24,32.56,8.37,3.87,1.96,80.58,84.72,55.5,0.62,24,1
2028-07-25,27.53,6.5,8.18,0.22,21.57,13.58,96.9,2.13,3,0
2028-07-26,19.86,5.56,3.61,4.05,81.92,78.18,59.4,0.72,35,1
2028-07-27,20.07,5.51,4.36,3.15,81.15,63.3,52.9,0.42,30,1
2028-07-28,26.95,6.89,6.56,0.11,26.46,36.3,82.2,1.67,6,0
2028-07-29,19.91,8.29,2.28,1.14,65.03,81.91,53.8,0.63,10,1
2028-07-30,18.01,5.91,3.13,1.43,79.15,79.5,41.4,0.5,27,1
2028-07-31,24.84,6.9,8.59,0.01,16.74,30.37,85.9,1.41,5,0
2028-08-01,25.97,6.91,7.22,0.16,31.65,18.62,76.5,1.43,5,0
2028-08-02,25.66,6.96,8.14,0.64,9.46,47.45,72.7,1.24,5,0
2028-08-03,26.41,6.5,9.5,0.38,12.06,40.81,89.9,1.79,3,0
2028-08-04,19.35,5.62,3.56,2.47,89.45,78.32,31.1,0.43,22,1
2028-08-05,23.84,7.66,7.54,0.25,7.01,16.35,86.9,1.0,8,0
2028-08-06,23.8,6.81,7.4,0.22,14.3,29.24,90.6,1.66,5,0
2028-08-07,27.8,7.04,7.79,0.51,14.29,26.94,76.0,2.13,4,0
2028-08-08,26.8,6.81,6.16,0.26,32.37,16.29,85.5,1.51,4,0
2028-08-09,18.0,5.71,3.28,1.55,53.03,62.21,37.7,0.6,27,1
2028-08-10,18.0,5.75,2.72,3.47,66.87,64.62,37.1,0.69,14,1
2028-08-11,18.31,6.05,3.71,2.2,78.57,82.16,38.3,0.68,32,1
2028-08-12,21.66,6.86,6.92,0.21,32.84,25.68,75.0,1.45,5,0
2028-08-13,31.19,8.39,4.43,3.87,57.71,85.2,44.6,0.41,24,1
2028-08-14,24.87,7.62,8.81,0.15,25.53,17.62,89.9,1.71,6,0
2028-08-15,24.94,6.5,8.31,0.11,13.45,19.11,86.6,2.14,2,0
2028-08-16,26.66,6.95,6.33,0.39,19.86,17.98,98.3,1.27,0,0
2028-08-17,28.56,6.16,3.04,1.63,93.51,81.13,54.4,0.6,21,1
2028-08-18,23.7,7.08,9.5,0.17,29.83,30.16,74.1,1.59,4,0
2028-08-19,24.85,7.23,9.5,0.21,22.81,45.96,88.7,1.98,6,0
2028-08-20,18.05,5.92,2.05,2.66,84.59,90.18,54.6,0.55,38,1
2028-08-21,25.54,7.32,8.0,0.12,9.98,16.28,81.0,1.19,7,0
2028-08-22,22.59,7.09,7.66,0.04,33.95,30.29,71.1,1.38,2,0
2028-08-23,23.66,7.27,5.85,0.03,32.4,33.63,96.6,1.89,3,0
2028-08-24,26.77,6.9,6.37,0.8,33.49,49.74,78.6,1.41,3,0
2028-08-25,24.71,7.07,7.02,0.02,8.31,27.38,86.3,1.79,4,0
2028-08-26,23.45,6.68,9.16,0.11,13.45,41.19,90.1,2.05,4,0
2028-08-27,23.46,7.05,6.05,0.42,16.99,26.82,85.9,2.39,1,0
2028-08-28,25.61,7.22,8.78,0.01,31.85,45.57,92.5,1.21,6,0
2028-08-29,31.73,8.41,3.52,4.37,79.75,92.28,47.0,0.81,19,1
2028-08-30,24.69,7.62,9.5,0.07,28.3,21.95,68.9,1.87,4,0
2028-08-31,28.99,5.89,4.38,2.85,85.43,86.36,57.7,0.43,12,1
2028-09-01,26.67,7.2,8.33,0.33,14.3,26.17,83.8,1.3,8,0
2028-09-02,19.48,8.4,2.37,1.66,70.14,78.28,57.4,0.53,15,1
2028-09-03,25.4,7.37,9.08,0.77,31.45,21.53,100.0,1.61,7,0
2028-09-04,29.61,8.39,3.21,1.04,81.39,73.63,49.0,0.66,19,1
2028-09-05,31.72,5.83,4.48,2.56,74.0,69.31,57.0,0.57,17,1
2028-09-06,25.13,6.54,6.1,0.28,29.75,13.77,97.2,1.4,2,0
2028-09-07,26.52,7.76,8.4,0.39,12.78,43.67,85.0,1.89,3,0
2028-09-08,29.05,5.92,2.53,3.75,54.99,91.33,55.2,0.71,17,1
2028-09-09,18.0,8.36,2.05,4.12,75.85,60.7,59.8,0.6,12,1
2028-09-10,24.62,6.75,5.5,0.08,5.91,43.91,71.4,2.06,7,0
2028-09-11,21.8,6.7,8.98,0.27,17.91,10.26,82.5,1.76,5,0
2028-09-12,29.04,5.76,3.08,2.49,58.35,87.44,33.9,0.85,17,1
2028-09-13,25.47,6.74,7.97,0.43,30.79,39.37,76.8,1.71,2,0
2028-09-14,25.7,6.95,7.77,0.01,9.94,45.81,75.0,1.47,0,0
2028-09-15,18.93,6.04,4.13,2.15,53.1,94.72,50.4,0.86,38,1
2028-09-16,18.0,8.23,2.24,2.67,94.64,63.1,45.6,0.48,36,1
2028-09-17,29.52,5.81,4.2,4.1,73.76,63.98,38.1,0.57,10,1
2028-09-18,25.75,7.1,7.3,0.02,17.44,34.7,86.7,1.3,4,0
2028-09-19,28.21,8.36,2.66,1.11,86.93,76.32,48.0,0.5,19,1
2028-09-20,25.66,6.55,5.79,0.8,34.57,17.59,91.0,2.36,3,0
2028-09-21,29.1,5.72,2.42,2.14,53.16,91.14,36.0,0.75,36,1
2028-09-22,24.37,6.75,8.37,0.07,17.05,34.97,90.4,2.03,2,0
2028-09-23,29.97,8.49,3.12,1.8,87.7,94.54,56.7,0.62,29,1
2028-09-24,21.43,6.53,7.97,0.09,16.49,15.8,97.7,1.37,6,0
2028-09-25,27.01,7.51,9.5,0.17,25.3,30.68,78.3,1.88,3,0
2028-09-26,21.14,7.16,7.72,0.03,15.26,15.36,71.3,1.7,4,0
2028-09-27,24.12,6.92,8.67,0.31,16.96,20.54,83.6,1.82,4,0
2028-09-28,18.0,8.21,4.39,1.81,50.27,80.96,45.2,0.59,30,1
2028-09-29,23.68,6.97,5.5,0.05,18.22,47.67,80.4,1.8,5,0
2028-09-30,23.43,6.79,6.87,0.46,34.31,48.21,100.0,1.54,1,0
2028-10-01,31.75,8.29,3.28,1.83,91.15,69.72,52.2,0.45,33,1
2028-10-02,26.49,6.9,5.5,0.11,9.5,21.65,97.3,1.79,5,0
2028-10-03,27.0,6.77,6.74,0.17,31.68,32.93,78.0,1.0,8,0
2028-10-04,21.69,7.09,5.78,0.07,18.73,44.92,68.8,2.01,2,0
2028-10-05,19.6,8.26,2.27,2.78,82.85,84.44,52.8,0.57,22,1
2028-10-06,24.93,6.56,7.81,0.04,5.96,20.94,82.8,1.33,5,0
2028-10-07,21.76,7.13,8.73,0.8,28.64,28.06,96.0,1.91,1,0
2028-10-08,23.13,6.79,5.5,0.09,22.14,31.33,100.0,1.38,2,0
2028-10-09,22.77,7.08,8.39,0.05,9.69,11.95,97.8,1.59,3,0
2028-10-10,24.17,6.5,8.36,0.16,7.76,35.48,75.3,1.56,8,0
2028-10-11,23.73,7.04,6.52,0.33,16.01,45.23,79.3,1.89,4,0
2028-10-12,28.08,8.31,3.59,1.81,79.24,95.0,47.9,0.68,14,1
2028-10-13,21.31,7.31,8.25,0.12,29.92,29.49,93.4,1.93,3,0
2028-10-14,24.88,7.24,6.33,0.26,5.95,31.72,78.8,1.95,2,0
2028-10-15,19.42,6.21,4.02,2.48,86.09,63.52,49.1,0.72,31,1
2028-10-16,24.41,7.56,8.28,0.79,24.63,36.31,86.4,1.91,5,0
2028-10-17,23.03,7.26,5.5,0.02,16.27,20.42,79.8,1.65,2,0
2028-10-18,25.05,6.87,7.56,0.22,16.02,27.02,90.3,1.34,5,0
2028-10-19,30.88,5.9,4.02,1.35,75.97,62.19,35.3,0.5,21,1
2028-10-20,24.0,7.0,5.68,0.47,18.3,16.63,74.7,1.5,3,0
2028-10-21,23.06,7.23,5.55,0.54,28.31,40.23,86.8,1.54,4,0
2028-10-22,25.37,6.94,5.97,0.1,29.21,28.95,100.0,1.66,4,0
2028-10-23,18.0,5.97,2.48,2.97,66.55,77.7,48.6,0.84,35,1
2028-10-24,27.17,6.88,7.27,0.26,27.54,31.14,79.4,2.18,2,0
2028-10-25,20.05,5.67,3.04,4.06,52.88,91.0,39.3,0.64,12,1
2028-10-26,24.39,6.91,6.72,0.03,12.7,43.51,71.7,1.87,7,0
2028-10-27,24.66,7.27,7.16,0.36,24.46,36.82,91.6,1.34,2,0
2028-10-28,25.49,6.5,5.98,0.46,27.36,46.21,97.4,1.09,5,0
2028-10-29,25.22,7.2,8.8,0.11,18.52,25.3,71.4,1.66,5,0
2028-10-30,19.33,5.6,2.11,2.02,86.42,78.21,31.1,0.47,24,1
2028-10-31,24.72,7.04,7.04,0.02,22.62,33.9,80.1,1.63,5,0
2028-11-01,23.99,6.97,7.34,0.23,12.56,49.31,78.5,2.0,5,0
2028-11-02,25.14,7.08,8.12,0.06,31.61,33.56,73.3,2.01,4,0
2028-11-03,28.93,5.85,2.8,2.92,59.82,60.88,48.1,0.73,14,1
2028-11-04,24.37,6.98,5.5,0.22,24.36,48.61,76.9,1.86,2,0
